loc_rowid,pl_name,sy_snum,sy_pnum,sy_mnum,disc_year,pl_orbper,pl_orbsmax,pl_rade,pl_masse,pl_dens,pl_eqt,st_teff,st_logg,sy_dist
109,55 Cnc e,2,5,0,2004,0.73654370,0.015440,2.080,7.81000,4.78000,1958,5234.00,4.45,12.5855000
167,BD+20 594 b,1,1,0,2016,41.68550000,0.241000,2.230,16.30000,7.89000,546,5766.00,4.50,179.4610000
201,CoRoT-1 b,1,1,0,2008,1.50897655,0.025900,15.917,340.07810,0.44000,1834,5950.00,4.25,787.9090000
202,CoRoT-1 b,1,1,0,2008,1.50896860,0.025360,17.385,327.36490,0.34400,1915,5950.00,4.31,787.9090000
207,CoRoT-10 b,1,1,0,2010,13.24060000,0.106000,10.548,883.56740,4.16000,647,5075.00,4.65,338.3860000
209,CoRoT-10 b,1,1,0,2010,13.24060000,0.105500,10.870,874.00000,3.70000,600,5075.00,4.65,338.3860000
210,CoRoT-11 b,1,1,0,2010,2.99433000,0.044000,15.984,743.72220,1.00000,1735,6440.00,4.26,655.0370000
214,CoRoT-11 b,1,1,0,2010,2.99433000,0.043600,16.030,740.51000,0.99000,1657,6440.00,4.22,655.0370000
215,CoRoT-12 b,1,1,0,2010,2.82804200,0.040160,16.140,291.43800,0.41100,1442,5675.00,4.38,1126.3700000
219,CoRoT-12 b,1,1,0,2010,2.82804200,0.039400,15.132,281.91521,0.44800,1410,5675.00,4.41,1126.3700000
221,CoRoT-13 b,1,1,0,2010,4.03519000,0.051000,9.920,415.70400,2.34000,1700,5945.00,4.46,1148.9300000
224,CoRoT-13 b,1,1,0,2010,4.03519000,0.051000,14.034,416.99296,0.82000,1432,5945.00,4.26,1148.9300000
226,CoRoT-14 b,1,1,0,2010,1.51214000,0.027000,12.220,2415.40000,7.30000,1952,6035.00,4.35,1744.6000000
227,CoRoT-14 b,1,1,0,2010,1.51214000,0.026870,11.411,2437.75610,9.00000,1936,6035.00,4.34,1744.6000000
232,CoRoT-17 b,1,1,0,2011,3.76810000,0.048100,11.287,781.86180,3.00580,1610,5740.00,4.04,1176.1200000
233,CoRoT-17 b,1,1,0,2011,3.76810000,0.046100,11.430,772.29000,2.82000,1626,5740.00,4.40,1176.1200000
236,CoRoT-18 b,1,1,0,2011,1.90006930,0.029500,14.680,1102.82000,2.20000,1550,5440.00,4.40,764.8890000
238,CoRoT-18 b,1,1,0,2011,1.90006930,0.028600,14.022,1039.30410,2.07000,1490,5440.00,4.44,764.8890000
241,CoRoT-19 b,1,1,0,2011,3.89713000,0.051800,14.460,352.78000,0.71000,2000,6090.00,4.07,790.6630000
242,CoRoT-19 b,1,1,0,2011,3.89713000,0.051200,13.339,346.43470,0.79800,1630,6090.00,4.12,790.6630000
249,CoRoT-2 b,2,1,0,2008,1.74299350,0.028350,16.365,1134.65310,1.42700,1521,5598.00,4.53,213.2830000
254,CoRoT-2 b,2,1,0,2008,1.74299350,0.028540,16.477,1150.54460,1.41800,1548,5696.00,4.53,213.2830000
260,CoRoT-20 b,1,2,0,2011,9.24285000,0.089200,13.002,1608.21980,4.00000,1100,5880.00,4.23,844.0610000
261,CoRoT-20 b,1,2,0,2011,9.24285000,0.090200,9.420,1347.54000,8.87000,1002,5880.00,4.20,844.0610000
265,CoRoT-22 b,1,1,0,2014,9.75598000,0.092000,4.880,12.20000,0.24900,885,5939.00,4.36,627.1580000
266,CoRoT-23 b,1,1,0,2011,3.63130000,0.048000,11.770,889.90000,3.00000,1660,5900.00,4.30,1060.9700000
267,CoRoT-23 b,1,1,0,2011,3.63130000,0.048090,13.227,972.55980,2.32750,1710,5900.00,4.01,1060.9700000
269,CoRoT-24 b,1,2,0,2014,5.11340000,0.056000,3.700,5.70000,0.90000,1070,4950.00,4.55,591.5550000
270,CoRoT-24 c,1,2,0,2014,11.75900000,0.098000,5.000,28.00000,1.30000,850,4950.00,4.55,591.5550000
271,CoRoT-25 b,1,1,0,2013,4.86069000,0.057800,12.110,85.81000,0.15000,1330,6040.00,4.31,1103.4800000
274,CoRoT-26 b,1,1,0,2013,4.20474000,0.052600,14.120,165.26000,0.28000,1600,5590.00,3.99,1045.1800000
275,CoRoT-27 b,1,1,0,2014,3.57532000,0.047600,11.287,3302.11000,12.60000,1500,5900.00,4.40,1010.2800000
284,CoRoT-3 b,1,1,0,2008,4.25679940,0.057830,11.624,6979.54680,24.50000,1695,6740.00,4.19,768.7710000
289,CoRoT-35 b,1,1,0,2022,3.22748000,0.042900,18.831,349.61125,0.29000,1747,6390.00,4.01,1123.2100000
290,CoRoT-36 b,1,1,0,2022,5.61653100,0.066000,15.805,216.12332,0.25000,1567,6730.00,4.16,925.9580000
292,CoRoT-4 b,1,1,0,2008,9.20205000,0.091200,13.002,232.33373,0.58300,1058,6190.00,4.40,726.4120000
293,CoRoT-4 b,1,1,0,2008,9.20205000,0.090000,13.340,228.83000,0.52500,1074,6190.00,4.41,726.4120000
296,CoRoT-5 b,1,1,0,2009,4.03789620,0.049470,15.558,148.42000,0.21700,1438,6100.00,4.19,882.4720000
297,CoRoT-5 b,1,1,0,2009,4.03789620,0.050040,13.249,149.38010,0.35400,1348,6100.00,4.41,882.4720000
302,CoRoT-6 b,1,1,0,2009,8.88659300,0.085500,13.068,940.74000,2.32000,1017,6090.00,4.43,645.2940000
304,CoRoT-6 b,1,1,0,2009,8.88659300,0.085500,13.283,940.77680,2.21000,1025,6090.00,4.42,645.2940000
307,CoRoT-7 b,1,3,0,2009,0.85358500,0.016900,1.861,6.99226,6.00000,1910,5250.00,4.42,159.9060000
308,CoRoT-7 b,1,3,0,2009,0.85359159,0.017016,1.585,5.74000,7.50000,1756,5259.00,4.57,159.9060000
319,CoRoT-8 b,1,1,0,2010,6.21229000,0.063300,7.981,68.65128,0.74000,922,5080.00,4.47,322.0370000
324,CoRoT-9 b,2,1,0,2009,95.27265600,0.402100,11.949,266.97720,0.86000,420,5625.00,4.54,412.9800000
325,CoRoT-9 b,2,1,0,2009,95.27380000,0.402700,11.624,262.52758,0.92000,413,5625.00,4.48,412.9800000
327,CoRoTID 223977153 b,1,1,0,2017,6.71837000,0.071000,6.389,47.67450,1.10000,938,5970.00,4.67,576.6830000
394,EPIC 211945201 b,1,1,0,2018,19.49213000,0.148000,6.120,27.00000,0.65000,886,6025.00,4.25,181.6900000
431,EPIC 220674823 b,1,2,0,2016,0.57129200,0.011600,1.520,8.36000,13.10000,2333,5470.00,4.53,244.5900000
436,EPIC 220674823 b,1,2,0,2016,0.57133600,0.013120,1.820,9.00000,8.57000,2063,5496.00,4.42,244.5900000
442,EPIC 220674823 c,1,2,0,2016,13.33870000,0.107100,2.770,5.70000,1.30000,722,5496.00,4.42,244.5900000
446,EPIC 220674823 c,1,2,0,2016,13.33970000,0.105000,2.500,5.80000,2.00000,774,5470.00,4.53,244.5900000
449,EPIC 246851721 b,2,1,0,2018,6.18023500,0.072290,11.781,953.49000,3.10000,1401,6202.00,4.16,372.6320000
452,EPIC 249893012 b,1,3,0,2020,3.59510000,0.047000,1.950,8.75000,6.39000,1616,5430.00,3.99,321.2960000
453,EPIC 249893012 c,1,3,0,2020,15.62400000,0.130000,3.670,14.67000,1.62000,990,5430.00,3.99,321.2960000
454,EPIC 249893012 d,1,3,0,2020,35.74700000,0.220000,3.940,10.18000,0.91000,752,5430.00,3.99,321.2960000
479,GJ 1214 b,1,1,0,2009,1.58040433,0.014900,2.742,8.17000,2.20000,596,3250.00,5.03,14.6427000
499,GJ 143 b,1,2,0,2019,35.61253000,0.191500,2.610,22.70000,7.00000,422,4640.00,4.61,16.3200000
530,GJ 3090 b,1,1,0,2022,2.85313600,0.031650,2.130,3.34000,1.89000,693,3556.00,4.73,22.4751000
556,GJ 3470 b,1,1,0,2012,3.33664960,0.035500,4.570,13.90000,0.80000,594,3600.00,4.70,29.4214000
562,GJ 3470 b,1,1,0,2012,3.33664870,0.031000,3.880,13.73000,1.18000,604,3652.00,4.78,29.4214000
567,GJ 3473 b,2,2,0,2020,1.19800350,0.015890,1.264,1.86000,5.03000,773,3347.00,4.81,27.3644000
572,GJ 357 b,1,3,0,2019,3.93072000,0.035000,1.217,1.84000,5.60000,525,3505.00,4.94,9.4418100
578,GJ 367 b,1,1,0,2021,0.32196200,0.007100,0.718,0.54600,8.10600,1745,3522.00,4.78,9.4126300
580,GJ 3929 b,1,2,0,2022,2.61623500,0.025200,1.090,1.75000,7.30000,568,3384.00,4.89,15.8095000
582,GJ 3929 b,1,2,0,2022,2.61627450,0.025690,1.150,1.21000,4.40000,569,3369.00,4.84,15.8095000
612,GJ 436 b,1,1,0,2004,2.64389788,0.031090,4.191,23.13802,1.73000,686,3350.00,4.43,9.7532100
621,GJ 436 b,1,1,0,2004,2.64389524,0.028870,4.091,23.42407,2.01000,669,3500.00,4.79,9.7532100
624,GJ 436 b,1,1,0,2004,2.64385000,0.028720,4.222,23.16880,1.69000,649,3350.00,4.84,9.7532100
739,GJ 9827 b,1,3,0,2017,1.20898020,0.018880,1.620,3.42000,4.50000,1172,4269.00,4.65,29.6610000
743,GJ 9827 b,1,3,0,2017,1.20896600,0.020600,1.580,3.69000,5.11000,1114,4219.00,4.66,29.6610000
744,GJ 9827 c,1,3,0,2017,3.64808300,0.039420,1.269,2.42000,6.40000,811,4269.00,4.65,29.6610000
745,GJ 9827 c,1,3,0,2017,3.64823000,0.042900,1.240,1.45000,4.13000,771,4219.00,4.66,29.6610000
750,GJ 9827 d,1,3,0,2017,6.20142000,0.061100,2.040,2.35000,1.51000,646,4219.00,4.66,29.6610000
751,GJ 9827 d,1,3,0,2017,6.20146700,0.056150,2.070,5.20000,3.23000,680,4269.00,4.65,29.6610000
753,GPX-1 b,1,1,0,2021,1.74457900,0.033800,16.477,6261.21962,8.22242,2300,7000.00,4.27,655.0130000
774,HAT-P-1 b,2,1,0,2006,4.46529680,0.055610,14.785,168.13207,0.35800,1322,5980.00,4.38,158.9790000
777,HAT-P-1 b,2,1,0,2006,4.46543000,0.055300,13.922,169.08556,0.34500,1306,5975.00,4.38,158.9790000
778,HAT-P-1 b,2,1,0,2006,4.46529340,0.055350,13.641,166.54292,0.38600,1291,5975.00,4.40,158.9790000
780,HAT-P-1 b,2,1,0,2006,4.46529976,0.055610,14.785,166.86075,0.28200,1322,5980.00,4.36,158.9790000
793,HAT-P-11 b,1,2,0,2008,4.88781501,0.052590,4.450,26.69772,1.68000,838,4780.00,4.66,37.7647000
805,HAT-P-12 b,1,1,0,2009,3.21305992,0.037670,10.301,63.88383,0.24200,955,4665.00,4.61,142.7510000
806,HAT-P-12 b,1,1,0,2009,3.21305980,0.038400,10.749,67.05900,0.31920,963,4650.00,4.61,142.7510000
816,HAT-P-13 b,1,2,0,2009,2.91623820,0.043100,16.668,287.95398,0.36200,1740,5653.00,4.13,246.8100000
823,HAT-P-13 b,1,2,0,2009,2.91626000,0.042700,14.359,271.09800,0.49800,1653,5653.00,4.13,246.8100000
831,HAT-P-14 b,2,1,0,2010,4.62766910,0.061080,13.664,721.79193,1.56000,1624,6600.00,4.19,222.6630000
832,HAT-P-14 b,2,1,0,2010,4.62766900,0.060600,12.890,709.36700,1.82000,1570,6600.00,4.25,222.6630000
840,HAT-P-14 b,2,1,0,2010,4.62764900,0.059600,13.451,724.65240,1.75000,1612,6583.00,4.10,222.6630000
842,HAT-P-15 b,1,1,0,2010,10.86350200,0.096400,12.016,618.47100,1.96000,904,5568.00,4.38,192.5160000
850,HAT-P-16 b,3,1,0,2010,2.77596000,0.041300,14.448,1332.60500,2.42000,1626,6158.00,4.34,226.6370000
856,HAT-P-16 b,3,1,0,2010,2.77597024,0.041300,13.339,1331.38987,2.47000,1571,6158.00,4.34,226.6370000
864,HAT-P-17 b,1,2,0,2010,10.33852300,0.088200,11.321,169.71000,0.64000,792,5246.00,4.52,92.3831000
871,HAT-P-18 b,1,1,0,2010,5.50802300,0.055900,11.153,62.61000,0.25000,852,4803.00,4.57,161.4000000
874,HAT-P-18 b,1,1,0,2010,5.50797800,0.055900,10.615,62.29468,0.28600,841,4870.00,4.61,161.4000000
884,HAT-P-19 b,1,1,0,2010,4.00877800,0.046600,12.689,92.80200,0.25000,1010,4990.00,4.54,202.0780000
890,HAT-P-2 b,1,1,0,2007,5.63347290,0.068780,12.969,2888.95000,7.29000,1540,6290.00,4.16,127.7740000
894,HAT-P-2 b,1,1,0,2007,5.63347290,0.067400,13.339,2777.83420,6.80000,1516,6290.00,4.09,127.7740000
897,HAT-P-2 b,1,1,0,2007,5.63332000,0.067900,11.243,2771.47760,10.70000,1398,6290.00,4.20,127.7740000
903,HAT-P-20 b,1,1,0,2010,2.87531694,0.035930,11.489,2294.73260,8.31000,964,4595.00,4.52,71.0374000
907,HAT-P-20 b,1,1,0,2010,2.87531700,0.036100,9.718,2302.89900,13.78000,970,4595.00,4.63,71.0374000
913,HAT-P-21 b,1,1,0,2010,4.12448100,0.049400,11.478,1291.28900,4.68000,1283,5588.00,4.33,277.2780000
918,HAT-P-22 b,2,1,0,2010,3.21222000,0.041400,12.106,682.35200,2.11000,1283,5302.00,4.36,81.7647000
920,HAT-P-22 b,2,1,0,2010,3.21223120,0.041400,12.106,682.69884,2.14000,1463,5302.00,4.36,81.7647000
921,HAT-P-22 b,2,1,0,2010,3.21223328,0.041710,11.882,696.68336,1.72000,1293,5314.00,4.36,81.7647000
925,HAT-P-23 b,1,1,0,2010,1.21288400,0.023200,15.334,664.23700,1.01000,2056,5905.00,4.33,364.8130000
931,HAT-P-23 b,1,1,0,2010,1.21288287,0.023020,13.720,658.00000,1.40600,1951,5885.00,4.41,364.8130000
935,HAT-P-24 b,2,1,0,2010,3.35524000,0.046500,13.922,217.70400,0.44000,1637,6373.00,4.27,415.3440000
946,HAT-P-25 b,1,1,0,2010,3.65281514,0.046600,12.722,180.84527,0.48300,1182,5519.00,4.52,300.3840000
949,HAT-P-25 b,1,1,0,2010,3.65283600,0.046600,13.339,180.20200,0.42000,1202,5500.00,4.48,300.3840000
952,HAT-P-26 b,1,1,0,2010,4.23451600,0.047900,6.333,18.75100,0.40000,1001,5079.00,4.56,141.8370000
967,HAT-P-28 b,1,1,0,2011,3.25721500,0.043400,13.585,198.95300,0.44000,1384,5680.00,4.36,401.3190000
971,HAT-P-29 b,2,1,0,2011,5.72318600,0.066700,12.408,247.26100,0.71000,1260,6087.00,4.34,313.5760000
972,HAT-P-29 b,2,1,0,2011,5.72339000,0.066500,11.926,243.77561,0.79000,1271,6115.00,4.33,313.5760000
977,HAT-P-3 b,2,1,0,2007,2.89970300,0.038820,10.077,189.42668,1.02000,1127,5185.00,4.56,134.5540000
985,HAT-P-3 b,2,1,0,2007,2.89973838,0.038780,10.211,189.10885,0.97500,1170,5190.00,4.54,134.5540000
988,HAT-P-3 b,2,1,0,2007,2.89973600,0.038420,10.615,185.61272,0.85500,1189,5185.00,4.51,134.5540000
993,HAT-P-30 b,2,1,0,2011,2.81059500,0.041900,15.020,225.96800,0.37000,1630,6304.00,4.36,213.9850000
1012,HAT-P-32 b,2,1,0,2011,2.15000820,0.033970,22.194,216.12440,0.10800,1836,6001.00,4.22,289.2050000
1045,HAT-P-36 b,1,1,0,2011,1.32734660,0.024020,15.211,611.82275,0.95500,1820,5560.00,4.37,294.4190000
1049,HAT-P-36 b,1,1,0,2011,1.32734683,0.023880,14.617,588.62116,0.98000,1788,5620.00,4.42,294.4190000
1071,HAT-P-4 b,2,1,0,2007,3.05651950,0.044650,14.986,216.12440,0.35400,1691,5860.00,4.13,320.4510000
1091,HAT-P-42 b,1,1,0,2012,4.64187800,0.057500,14.348,331.80100,0.61000,1428,5743.00,4.14,405.2380000
1097,HAT-P-43 b,1,1,0,2012,3.33268700,0.044300,14.359,210.39500,0.39000,1361,5645.00,4.37,528.8250000
1105,HAT-P-44 b,1,2,0,2014,4.30121900,0.050700,13.922,111.87100,0.23000,1108,5295.00,4.46,347.8500000
1112,HAT-P-45 b,1,1,0,2014,3.12899200,0.045200,15.984,283.49200,0.38000,1652,6330.00,4.30,298.6400000
1113,HAT-P-46 b,1,1,0,2014,4.46312900,0.057700,14.392,156.68400,0.28000,1458,6120.00,4.25,290.7360000
1118,HAT-P-49 b,1,1,0,2014,2.69154800,0.043800,15.838,549.82300,0.75000,2131,6820.00,4.10,350.3510000
1131,HAT-P-50 b,1,1,0,2015,3.12201090,0.045300,14.437,429.07050,0.78000,1862,6280.00,4.07,515.4580000
1138,HAT-P-51 b,1,1,0,2015,4.21802780,0.050690,14.493,98.20947,0.17800,1192,5449.00,4.39,440.0890000
1145,HAT-P-52 b,1,1,0,2015,2.75359530,0.036940,11.310,259.98494,0.98000,1218,5131.00,4.48,361.1550000
1147,HAT-P-53 b,1,1,0,2015,1.96162410,0.031590,14.773,471.65972,0.80000,1778,5956.00,4.31,666.8020000
1158,HAT-P-54 b,1,1,0,2015,3.79984700,0.041170,10.581,241.55080,1.11800,818,4390.00,4.67,143.6510000
1162,HAT-P-55 b,1,1,0,2015,3.58524670,0.046040,13.249,184.97706,0.43500,1313,5808.00,4.43,511.3880000
1173,HAT-P-56 b,1,1,0,2015,2.79083270,0.042300,16.432,692.86940,0.86000,1840,6566.00,4.24,320.6390000
1179,HAT-P-58 b,1,1,0,2021,4.01383790,0.049940,14.930,118.23217,0.19400,1622,6078.00,4.08,515.5900000
1183,HAT-P-59 b,1,1,0,2021,4.14197710,0.050640,12.588,489.45575,1.34700,1278,5678.00,4.36,265.4710000
1189,HAT-P-6 b,1,1,0,2007,3.85300300,0.052440,15.637,337.85329,0.48700,1704,6570.00,4.19,275.3580000
1195,HAT-P-60 b,1,1,0,2021,4.79478130,0.062770,18.282,182.43351,0.16400,1772,6212.00,3.91,233.2200000
1198,HAT-P-61 b,1,1,0,2021,1.90231289,0.030100,10.077,335.94463,1.80000,1505,5587.00,4.50,338.8400000
1200,HAT-P-62 b,1,1,0,2021,2.64532350,0.037720,12.027,241.86742,0.77000,1512,5629.00,4.31,348.8150000
1201,HAT-P-63 b,1,1,0,2021,3.37772800,0.042940,12.543,195.14664,0.54000,1237,5400.00,4.43,4483.0500000
1202,HAT-P-64 b,1,1,0,2021,4.00723200,0.053870,19.089,184.34048,0.14400,1766,6457.00,4.07,651.8970000
1205,HAT-P-65 b,1,1,0,2016,2.60545520,0.039510,21.185,167.49641,0.09600,1930,5835.00,3.98,738.5190000
1208,HAT-P-66 b,1,1,0,2016,2.97208600,0.043630,17.822,248.86089,0.24200,1896,6002.00,3.99,935.4560000
1213,HAT-P-67 b,2,1,0,2017,4.81010250,0.065050,23.371,108.06220,0.05200,1903,6406.00,3.85,371.6860000
1216,HAT-P-68 b,1,1,0,2020,2.29840551,0.029960,12.016,230.10892,0.72700,1028,4508.00,4.62,202.1520000
1220,HAT-P-69 b,1,1,0,2019,4.78694910,0.065550,18.786,1137.83140,1.02000,1930,7394.00,4.11,341.2630000
1225,HAT-P-7 b,2,1,0,2008,2.20473540,0.035500,15.906,566.05523,0.80000,2200,6350.00,4.07,341.0790000
1238,HAT-P-7 b,2,1,0,2008,2.20473720,0.036760,16.713,534.59006,0.62900,2700,6441.00,4.02,341.0790000
1240,HAT-P-7 b,2,1,0,2008,2.20473040,0.038050,16.421,571.77617,0.71200,2194,6350.00,4.04,341.0790000
1242,HAT-P-70 b,1,1,0,2019,2.74432452,0.047390,20.961,2154.88740,1.54000,2562,8450.00,4.18,330.7390000
1255,HAT-P-9 b,1,1,0,2008,3.92281072,0.052870,15.614,238.05467,0.34200,1540,6350.00,4.29,455.2030000
1258,HAT-P-9 b,1,1,0,2008,3.92281400,0.052900,15.468,247.27174,0.36600,1540,6350.00,4.29,455.2030000
1268,HATS-10 b,1,1,0,2015,3.31284600,0.044910,10.862,167.17858,0.70000,1407,5880.00,4.39,534.8890000
1272,HATS-11 b,1,1,0,2016,3.61916130,0.046140,16.926,270.15550,0.29900,1637,6060.00,4.12,944.6030000
1279,HATS-12 b,1,1,0,2016,3.14283300,0.047950,15.132,756.43540,1.19000,2097,6408.00,3.92,746.1380000
1281,HATS-13 b,1,1,0,2015,3.04404990,0.040570,13.585,172.58169,0.37700,1244,5523.00,4.52,421.8550000
1288,HATS-14 b,1,1,0,2015,2.76676410,0.038150,11.646,340.39593,1.19100,1276,5346.00,4.48,513.0110000
1293,HATS-15 b,1,1,0,2016,1.74748753,0.027120,12.386,689.69110,1.97000,1505,5311.00,4.45,1139.5500000
1294,HATS-16 b,1,1,0,2016,2.68650200,0.037440,14.572,1039.30410,1.86000,1592,5738.00,4.24,757.0440000
1298,HATS-17 b,1,1,0,2016,16.25461100,0.130800,8.709,425.25654,3.50000,814,5846.00,4.42,400.3310000
1303,HATS-18 b,1,1,0,2016,0.83784340,0.017610,14.986,629.30340,1.02000,2060,5600.00,4.44,624.3680000
1309,HATS-2 b,1,1,0,2013,1.35413300,0.023000,13.092,427.46300,1.05000,1577,5227.00,4.48,341.9250000
1315,HATS-22 b,1,1,0,2017,4.72281240,0.050250,10.682,870.85420,3.89000,858,4803.00,4.64,229.5180000
1318,HATS-23 b,1,1,0,2017,2.16051560,0.033970,20.849,467.21010,0.29000,1654,5780.00,4.33,639.0040000
1319,HATS-24 b,1,1,0,2017,1.34849540,0.025470,16.668,775.50520,0.92000,2067,6346.00,4.38,494.1820000
1320,HATS-24 b,1,1,0,2017,1.34849780,0.023800,15.637,718.29580,1.03000,2166,6125.00,4.37,494.1820000
1327,HATS-25 b,1,1,0,2016,4.29864320,0.051630,14.123,194.82979,0.38000,1277,5715.00,4.35,471.1580000
1331,HATS-26 b,1,1,0,2016,3.30238810,0.047350,19.616,206.58950,0.15300,1918,6071.00,3.94,861.8430000
1336,HATS-27 b,1,1,0,2016,4.63703800,0.061100,16.814,168.44990,0.18000,1659,6438.00,4.11,816.9880000
1338,HATS-28 b,1,1,0,2016,3.18107810,0.041310,13.384,213.58176,0.48000,1253,5498.00,4.48,535.3830000
1342,HATS-29 b,1,1,0,2016,4.60587490,0.054750,14.022,207.54299,0.41100,1212,5670.00,4.39,353.8910000
1352,HATS-3 b,1,1,0,2013,3.54785100,0.048500,15.480,340.38200,0.51000,1648,6351.00,4.22,411.2110000
1355,HATS-30 b,2,1,0,2016,3.17435160,0.043540,13.171,224.38798,0.54300,1414,5943.00,4.42,342.1400000
1357,HATS-31 b,1,1,0,2016,3.37796000,0.047800,18.383,279.69040,0.24300,1823,6050.00,4.00,773.9740000
1361,HATS-32 b,1,1,0,2016,2.81265480,0.040240,14.000,292.40360,0.58000,1437,5700.00,4.40,745.1160000
1365,HATS-33 b,1,1,0,2016,2.54955510,0.037270,13.787,378.85336,0.79000,1429,5659.00,4.45,248.4600000
1370,HATS-34 b,1,1,0,2016,2.10616070,0.031660,16.029,299.07803,0.40000,1445,5380.00,4.43,508.8420000
1373,HATS-35 b,1,1,0,2016,1.82099930,0.031990,16.410,388.38826,0.48400,2037,6300.00,4.24,514.5550000
1377,HATS-36 b,1,1,0,2018,4.17523870,0.054250,13.843,1022.14128,2.12000,1356,6149.00,4.40,856.4360000
1379,HATS-37 A b,2,1,0,2020,4.33153660,0.049130,6.793,31.46517,0.55000,1085,5326.00,4.48,211.8960000
1380,HATS-38 b,1,1,0,2020,4.37502100,0.050360,6.882,23.51942,0.40300,1294,5732.00,4.30,343.5250000
1382,HATS-39 b,1,1,0,2018,4.57763480,0.060070,17.598,200.23290,0.20200,1645,6572.00,4.16,878.5210000
1391,HATS-4 b,1,1,0,2014,2.51672900,0.036200,11.433,420.47100,1.55000,1315,5403.00,4.51,416.4590000
1394,HATS-40 b,1,1,0,2018,3.26427360,0.049970,17.710,505.34970,0.49000,2101,6460.00,3.92,1342.2900000
1398,HATS-41 b,1,1,0,2018,4.19364900,0.058300,14.908,3082.95100,5.10000,1710,6424.00,4.14,737.6680000
1401,HATS-42 b,1,1,0,2018,2.29210200,0.036890,15.693,597.52040,0.83000,1856,6060.00,4.20,800.3770000
1403,HATS-43 b,1,1,0,2018,4.38884970,0.049440,13.227,82.95363,0.19100,1003,5099.00,4.54,362.2730000
1409,HATS-44 b,1,1,0,2018,2.74390040,0.036490,11.960,177.98480,0.56000,1161,5080.00,4.51,446.0350000
1412,HATS-45 b,1,1,0,2018,4.18762440,0.055110,14.415,222.48100,0.41000,1518,6450.00,4.30,772.1100000
1415,HATS-46 b,1,1,0,2018,4.74237290,0.053670,10.122,54.98459,0.28000,1054,5495.00,4.54,453.8080000
1420,HATS-47 b,1,1,0,2020,3.92280380,0.042690,12.520,117.27927,0.33100,853,4512.00,4.63,300.6700000
1425,HATS-48 A b,2,1,0,2020,3.13166660,0.037690,8.967,77.23269,0.58900,955,4546.00,4.59,263.6090000
1426,HATS-49 b,1,1,0,2020,4.14804670,0.045150,8.575,112.19399,0.98600,835,4405.00,4.60,324.4130000
1429,HATS-5 b,1,1,0,2014,4.76338700,0.054200,10.223,75.32300,0.39000,1025,5304.00,4.53,246.3840000
1436,HATS-51 b,1,1,0,2017,3.34887020,0.046390,15.805,244.09344,0.34000,1553,5758.00,4.20,389.5700000
1439,HATS-52 b,1,1,0,2017,1.36665436,0.024980,15.491,711.93920,1.06000,1834,6010.00,4.45,555.1340000
1442,HATS-53 b,1,1,0,2017,3.85377680,0.047530,15.020,189.10885,0.30300,1312,5644.00,4.34,585.7700000
1446,HATS-54 b,1,1,0,2019,2.54418280,0.037630,11.960,241.55080,0.77000,1625,5702.00,4.24,748.5850000
1449,HATS-55 b,1,1,0,2019,4.20420010,0.054120,14.022,292.72143,0.58700,1367,6214.00,4.41,609.8380000
1453,HATS-56 b,1,1,0,2019,4.32479900,0.060430,18.921,191.33366,0.15500,1902,6536.00,3.95,564.4090000
1456,HATS-57 b,1,1,0,2019,2.35062100,0.034930,12.767,1000.21101,2.65000,1413,5587.00,4.48,279.4850000
1458,HATS-58 A b,2,1,0,2019,4.21808960,0.057980,12.274,327.36490,0.96000,1721,7175.00,4.29,403.5910000
1461,HATS-59 b,1,2,0,2018,5.41608100,0.061120,12.621,256.17098,0.70000,1128,5670.00,4.42,642.8840000
1465,HATS-6 b,1,1,0,2015,3.32527250,0.036230,11.187,101.38777,0.39900,713,3724.00,4.68,169.3180000
1472,HATS-60 b,1,1,0,2018,3.56082900,0.047080,12.924,210.40346,0.53700,1528,5688.00,4.15,486.4740000
1476,HATS-61 b,1,1,0,2018,7.81795300,0.079080,13.395,1080.62200,2.47000,1226,5542.00,4.03,679.7610000
1477,HATS-62 b,1,1,0,2018,3.27688370,0.041630,11.825,56.89157,0.07600,1237,5416.00,4.45,523.0670000
1479,HATS-63 b,1,1,0,2018,3.05665270,0.040260,13.529,305.11680,0.67000,1398,5627.00,4.35,623.2320000
1484,HATS-64 b,1,1,0,2018,4.90889700,0.065620,18.820,305.11680,0.24500,1793,6554.00,3.98,1080.1500000
1485,HATS-65 b,2,1,0,2018,3.10516100,0.044970,16.825,260.93843,0.30000,1634,6277.00,4.30,493.3200000
1486,HATS-66 b,1,1,0,2018,3.14143910,0.047140,15.816,1694.03390,2.34000,1998,6626.00,4.06,1477.9800000
1490,HATS-67 b,1,1,0,2018,1.60917880,0.030320,18.887,460.85350,0.37400,2193,6594.00,4.28,960.1090000
1494,HATS-68 b,1,1,0,2018,3.58622020,0.050710,13.809,410.00070,0.85600,1741,6147.00,4.08,603.9550000
1498,HATS-69 b,1,1,0,2018,2.22525770,0.032110,10.593,183.38791,0.46000,1296,5137.00,4.50,414.5370000
1500,HATS-7 b,1,1,0,2015,3.18531500,0.040120,6.311,38.13960,0.83000,1084,4985.00,4.54,240.7070000
1504,HATS-70 b,1,1,0,2019,1.88823780,0.036320,15.513,4100.00700,6.64000,2730,7930.00,4.17,1458.8300000
1509,HATS-71 b,1,1,0,2020,3.79552020,0.037450,11.478,117.59710,0.42000,587,3405.00,4.77,140.2250000
1512,HATS-72 b,1,1,0,2020,7.32794740,0.066517,8.097,39.85588,0.41100,739,4656.10,4.59,127.5890000
1516,HATS-74 A b,2,1,0,2021,1.73185606,0.023840,11.568,464.02947,1.64000,895,3776.90,4.70,299.3890000
1517,HATS-75 b,1,1,0,2021,2.78865560,0.032742,9.909,156.05375,0.87800,772,3790.40,4.68,194.9640000
1519,HATS-76 b,1,1,0,2021,1.94164230,0.026580,12.094,835.57088,2.58000,940,4016.00,4.67,385.6890000
1521,HATS-77 b,1,1,0,2021,3.08762620,0.036070,13.058,436.69623,1.07700,828,4071.00,4.64,436.1760000
1523,HATS-8 b,1,1,0,2015,3.58389300,0.046670,9.785,43.86054,0.25900,1324,5679.00,4.39,794.6370000
1526,HATS-9 b,1,1,0,2015,1.91530730,0.030480,11.938,266.02371,0.85000,1823,5366.00,4.09,638.7000000
1596,HD 106315 b,1,2,0,2017,9.55237000,0.090700,2.440,12.60000,4.70000,1153,6327.00,4.25,109.3530000
1607,HD 106315 c,1,2,0,2017,21.05704000,0.153600,4.350,15.20000,1.01000,886,6327.00,4.25,109.3530000
1674,HD 110113 b,1,2,0,2021,2.54100000,0.035000,2.050,4.55000,2.90000,1371,5732.00,4.46,106.3070000
1839,HD 136352 b,1,3,0,2019,11.57779000,0.096900,1.482,4.62000,7.80000,911,5850.00,4.38,14.6820000
1842,HD 136352 b,1,3,0,2019,11.57797000,0.096400,1.664,4.72000,5.62389,905,5664.00,4.39,14.6820000
1843,HD 136352 c,1,3,0,2019,27.59090000,0.172900,2.608,11.29000,3.50000,682,5850.00,4.38,14.6820000
1844,HD 136352 c,1,3,0,2019,27.59221000,0.172100,2.916,11.24000,2.49767,677,5664.00,4.39,14.6820000
1847,HD 136352 d,1,3,0,2019,107.24500000,0.425000,2.562,8.82000,2.87811,431,5664.00,4.39,14.6820000
1856,HD 137496 b,1,2,0,2021,1.62116000,0.027320,1.310,4.04000,10.49000,2130,5799.00,4.05,155.3170000
1870,HD 1397 b,1,1,0,2018,11.53533000,0.109700,11.500,131.89945,0.47700,1228,5521.00,3.82,79.5702000
1948,HD 149026 b,1,1,0,2005,2.87589110,0.042880,6.837,113.14748,2.08810,1626,6147.00,4.32,75.8643000
1952,HD 149026 b,1,1,0,2005,2.87598000,0.043130,7.331,114.10097,1.59000,1634,6160.00,4.28,75.8643000
1973,HD 15337 b,1,2,0,2019,4.75615000,0.052200,1.640,7.51000,9.30000,1001,5125.00,4.53,44.8155000
1974,HD 15337 b,1,2,0,2019,4.75642000,0.052450,1.699,7.20000,8.05000,1006,5131.00,4.37,44.8155000
1977,HD 15337 c,1,2,0,2019,17.17840000,0.126800,2.390,8.11000,3.23000,642,5125.00,4.53,44.8155000
1978,HD 15337 c,1,2,0,2019,17.17840000,0.123500,2.522,8.79000,3.02000,656,5131.00,4.37,44.8155000
2145,HD 17156 b,1,1,0,2007,21.21639800,0.163700,11.938,1036.76146,3.35000,883,6079.00,4.21,78.0863000
2227,HD 183579 b,1,1,0,2021,17.47127500,0.130000,3.530,11.20000,1.40000,748,5706.00,4.47,57.2651000
2228,HD 183579 b,1,1,0,2021,17.47127800,0.133400,3.550,19.70000,2.39000,769,5788.00,4.50,57.2651000
2239,HD 18599 b,2,1,0,2022,4.13743700,0.050000,2.700,25.50000,7.10000,863,5083.00,4.40,38.5653000
2264,HD 189733 b,2,1,0,2005,2.21857578,0.031420,12.902,365.50450,1.00400,1191,5050.00,4.61,19.7638000
2268,HD 189733 b,2,1,0,2005,2.21857700,0.031060,12.543,370.58978,1.03100,1209,5050.00,4.58,19.7638000
2272,HD 189733 b,2,1,0,2005,2.21857300,0.030990,12.756,363.58200,0.96300,1201,5040.00,4.59,19.7638000
2303,HD 191939 b,1,6,0,2020,8.88029000,0.078000,3.390,10.40000,1.50000,893,5348.00,4.30,53.6089000
2304,HD 191939 b,1,6,0,2020,8.88032560,0.080400,3.410,10.00000,1.40000,880,5348.00,4.30,53.6089000
2307,HD 191939 c,1,6,0,2020,28.58050000,0.170000,3.080,7.20000,1.40000,605,5348.00,4.30,53.6089000
2308,HD 191939 c,1,6,0,2020,28.57974300,0.175200,3.195,8.00000,1.35000,600,5348.00,4.30,53.6089000
2310,HD 191939 d,1,6,0,2020,38.35303700,0.213200,2.995,2.80000,0.57000,540,5348.00,4.30,53.6089000
2312,HD 191939 d,1,6,0,2020,38.35250000,0.207000,3.040,5.80000,0.50000,549,5348.00,4.30,53.6089000
2368,HD 202772 A b,2,1,0,2019,3.30895800,0.052080,17.318,323.23311,0.34300,2132,6272.00,3.85,161.4980000
2372,HD 20329 b,1,1,0,2022,0.92611800,0.018000,1.720,7.42000,8.06000,2141,5596.00,4.40,63.6796000
2413,HD 207897 b,1,1,0,2021,16.20215900,0.116300,2.501,14.40000,5.05000,632,5070.00,4.56,28.2938000
2428,HD 209458 b,1,1,0,1999,3.52474859,0.047470,15.468,226.93062,0.36200,1459,6117.00,4.37,48.3016000
2440,HD 209458 b,1,1,0,1999,3.52474600,0.047070,15.233,217.70400,0.33800,1449,6065.00,4.36,48.3016000
2470,HD 213885 b,1,2,0,2019,1.00803500,0.020120,1.745,8.83000,9.15000,2128,5978.00,4.38,48.0883000
2509,HD 21749 c,1,2,0,2019,7.78993000,0.069500,0.892,3.70000,31.93000,701,4640.00,4.61,16.3200000
2524,HD 219134 b,1,6,0,2015,3.09292600,0.038760,1.602,4.74000,6.34000,1015,4699.00,4.57,6.5312700
2532,HD 219134 c,1,6,0,2015,6.76458000,0.065300,1.511,4.36000,6.95000,782,4699.00,4.57,6.5312700
2549,HD 219666 b,1,1,0,2018,6.03607000,0.063560,4.710,16.60000,0.87000,1073,5527.00,4.40,94.1719000
2601,HD 23472 b,1,5,0,2019,17.66708700,0.116200,2.000,8.32000,6.15000,543,4684.00,4.53,39.0341000
2606,HD 23472 c,1,5,0,2019,29.79749000,0.164600,1.870,3.41000,3.10000,467,4684.00,4.53,39.0341000
2607,HD 23472 d,1,5,0,2022,3.97664000,0.042980,0.750,0.55000,7.50000,909,4684.00,4.53,39.0341000
2610,HD 23472 e,1,5,0,2022,7.90754000,0.068000,0.818,0.72000,7.50000,723,4684.00,4.53,39.0341000
2612,HD 23472 f,1,5,0,2022,12.16218390,0.090600,1.137,0.77000,3.00000,630,4684.00,4.53,39.0341000
2639,HD 260655 b,1,2,0,2022,2.76953000,0.029330,1.240,2.14000,6.20000,709,3803.00,5.20,10.0055000
2640,HD 260655 c,1,2,0,2022,5.70588000,0.047490,1.533,3.09000,4.70000,557,3803.00,5.20,10.0055000
2714,HD 3167 b,1,4,0,2016,0.95965428,0.018020,1.627,4.73000,5.50000,1777,5300.00,4.47,47.2899000
2716,HD 3167 b,1,4,0,2016,0.95963200,0.017520,1.574,5.69000,8.00000,1759,5286.00,4.51,47.2899000
2723,HD 3167 c,1,4,0,2016,29.84622000,0.180600,2.740,8.33000,2.21000,548,5286.00,4.51,47.2899000
2724,HD 3167 c,1,4,0,2016,29.84649480,0.178300,2.923,10.67000,2.35000,565,5300.00,4.47,47.2899000
2749,HD 332231 b,1,1,0,2020,18.71204000,0.143600,9.718,77.55052,0.46400,876,6089.00,4.28,80.6665000
2942,HD 5278 b,1,2,0,2021,14.33915600,0.120200,2.450,7.80000,2.90000,943,6203.00,4.50,57.5846000
3063,HD 73583 b,1,2,0,2022,6.39804200,0.060400,2.790,10.20000,2.58000,714,4511.00,4.62,31.5666000
3065,HD 73583 c,1,2,0,2022,18.87974000,0.124200,2.390,9.70000,3.88000,498,4511.00,4.62,31.5666000
3119,HD 80606 b,2,1,0,2001,111.43670000,0.456400,11.243,1307.55262,5.08000,405,5574.00,4.42,66.4711000
3177,HD 86226 c,1,2,0,2020,3.98442000,0.049000,2.160,7.25000,3.97000,1311,5863.00,4.40,45.6830000
3201,HD 89345 b,1,1,0,2018,11.81430000,0.111500,7.263,38.45743,0.54700,1068,5622.00,4.08,132.3450000
3203,HD 89345 b,1,1,0,2018,11.81399000,0.105000,6.860,35.70000,0.60900,1053,5499.00,4.04,132.3450000
3204,HD 89345 b,1,1,0,2018,11.81430000,0.106600,7.398,34.96130,0.47100,1089,5576.00,4.02,132.3450000
3243,HD 95338 b,1,1,0,2020,55.08700000,0.262000,3.890,42.44000,3.98000,385,5212.00,4.54,36.9941000
3265,HD 97658 b,1,1,0,2010,9.49030000,0.080000,2.247,7.55000,3.90000,757,5170.00,4.58,21.5618000
3303,HIP 116454 b,2,1,0,2014,9.12050000,0.090600,2.530,11.82000,4.17000,690,5089.00,4.59,62.4491000
3360,HIP 65 A b,2,1,0,2020,0.98097340,0.017820,22.754,1021.18779,0.48000,1411,4590.00,4.61,61.7856000
3400,HIP 97166 b,1,2,0,2021,10.28891000,0.089000,2.740,20.00000,5.30000,757,5198.00,4.41,65.9501000
3451,K2-100 b,1,1,0,2016,1.67390350,0.030100,3.880,21.80000,2.04000,1841,5945.00,4.33,188.9590000
3483,K2-107 b,1,1,0,2017,3.31392000,0.048000,16.141,266.97720,0.35000,1780,6030.00,4.07,685.2000000
3487,K2-108 b,1,1,0,2017,4.73401000,0.057300,5.280,59.40000,2.22000,1446,5474.00,3.99,477.2950000
3496,K2-110 b,1,1,0,2017,13.86375000,0.102100,2.592,16.70000,5.20000,640,5010.00,4.60,116.4740000
3507,K2-111 b,1,2,0,2017,5.35117000,0.062100,1.900,8.60000,6.60000,1309,5730.00,4.15,200.3940000
3510,K2-113 b,1,1,0,2017,5.81760800,0.055800,10.424,410.00070,1.97000,1178,5627.00,4.40,635.7220000
3514,K2-114 b,1,1,0,2017,11.39093110,0.094300,10.447,638.83510,3.08000,701,4920.00,4.54,475.7580000
3516,K2-114 b,1,1,0,2017,11.39109000,0.093090,10.559,587.98550,2.99000,719,5027.00,4.48,475.7580000
3526,K2-115 b,1,1,0,2017,20.27303400,0.136700,12.498,266.97720,0.82000,682,5560.00,4.46,413.5910000
3668,K2-139 b,1,1,0,2017,28.38236000,0.179000,9.057,123.00021,0.91000,565,5340.00,4.50,153.8560000
3677,K2-140 b,1,1,0,2017,6.56918800,0.068000,13.563,295.58042,0.66000,962,5585.00,4.40,347.9170000
3678,K2-140 b,1,1,0,2017,6.56930000,0.059100,12.274,323.86877,0.96300,1114,5654.00,4.45,347.9170000
3679,K2-141 b,1,2,0,2018,0.28032260,0.007160,1.540,5.31000,8.00000,2039,4373.00,4.58,61.8736000
3827,K2-180 b,1,1,0,2018,8.86650000,0.075000,2.242,11.44182,5.60000,729,5110.00,4.30,203.8960000
3840,K2-182 b,1,1,0,2018,4.73696830,0.052600,2.690,20.00000,5.60000,969,5170.00,4.61,154.8300000
4057,K2-216 b,1,1,0,2018,2.17480000,0.028000,1.750,8.00000,8.20000,1103,4503.00,4.57,115.4610000
4108,K2-229 b,1,2,0,2018,0.58424900,0.012888,1.164,2.59000,8.90000,1960,5185.00,4.56,102.5640000
4111,K2-229 c,1,2,0,2018,8.32834000,0.075770,2.120,21.30000,12.80000,800,5185.00,4.56,102.5640000
4117,K2-232 b,1,1,0,2018,11.16845900,0.099100,11.859,123.00021,0.40500,1001,5888.00,4.27,130.7200000
4120,K2-233 b,1,3,0,2018,2.46750000,0.033080,1.343,11.26000,26.26000,1121,5033.00,4.64,67.5062000
4122,K2-233 c,1,3,0,2018,7.06005000,0.066660,1.281,12.81000,33.91000,790,5033.00,4.64,67.5062000
4123,K2-233 d,1,3,0,2018,24.36450000,0.152240,2.358,21.14000,8.85000,523,5033.00,4.64,67.5062000
4127,K2-237 b,1,1,0,2018,2.18055770,0.035300,18.405,392.83788,0.37000,1838,6099.00,4.27,314.9950000
4130,K2-237 b,1,1,0,2018,2.18053539,0.035580,16.197,433.20012,0.56200,1828,6360.00,4.34,314.9950000
4131,K2-237 b,1,1,0,2018,2.18056000,0.037000,18.495,508.52800,0.44000,1884,6257.00,4.24,314.9950000
4132,K2-238 b,1,1,0,2018,3.20466000,0.046000,14.572,273.33380,0.56000,1587,5630.00,4.11,537.9630000
4144,K2-24 b,1,2,0,2016,20.88510000,0.154000,5.680,21.00000,0.63000,767,5743.00,4.29,170.5620000
4147,K2-24 c,1,2,0,2016,42.36330000,0.247000,7.820,27.00000,0.31000,606,5743.00,4.29,170.5620000
4191,K2-260 b,1,1,0,2018,2.62666570,0.040400,17.396,451.31860,0.50000,1957,6367.00,4.15,663.8340000
4194,K2-261 b,1,1,0,2018,11.63344000,0.102000,9.528,70.87609,0.48300,1080,5537.00,4.21,213.2830000
4195,K2-261 b,1,1,0,2018,11.63347800,0.108700,9.505,67.69745,0.43000,1030,5503.00,4.11,213.2830000
4197,K2-261 b,1,1,0,2018,11.63347800,0.103400,9.528,59.75174,0.38000,1046,5445.00,4.04,213.2830000
4200,K2-263 b,1,1,0,2018,50.81894700,0.257300,2.410,14.80000,5.70000,470,5368.00,4.51,162.4810000
4216,K2-266 d,2,4,0,2018,14.69700000,0.103500,2.930,8.90000,2.03000,538,4285.00,4.58,77.5586000
4218,K2-266 e,2,4,0,2018,19.48200000,0.124900,2.730,14.30000,2.21000,490,4285.00,4.58,77.5586000
4246,K2-27 b,3,1,0,2016,6.77131500,0.067020,4.480,30.90000,1.87000,902,5248.00,4.48,249.6450000
4328,K2-280 b,1,1,0,2018,19.89526000,0.146100,7.500,37.10000,0.48000,787,5500.00,4.21,391.5370000
4344,K2-285 b,1,4,0,2018,3.47174500,0.038170,2.590,9.68000,3.07000,1089,4975.00,4.40,154.9610000
4346,K2-285 c,1,4,0,2018,7.13804800,0.082400,3.530,15.68000,1.95000,741,4975.00,4.40,154.9610000
4358,K2-29 b,2,1,0,2016,3.25892630,0.040970,11.209,194.82979,0.76000,1076,5222.00,4.63,178.4750000
4360,K2-29 b,2,1,0,2016,3.25883210,0.042170,13.339,232.01590,0.53000,1171,5358.00,4.54,178.4750000
4365,K2-290 b,3,2,0,2019,9.21165000,0.092300,3.060,10.90000,4.10000,1230,6302.00,4.23,272.9090000
4366,K2-290 c,3,2,0,2019,48.36685000,0.305000,11.276,246.00042,1.01000,676,6302.00,4.23,272.9090000
4370,K2-292 b,1,1,0,2019,16.98410000,0.130000,2.630,24.50000,7.40000,795,5725.00,4.33,114.2930000
4376,K2-295 b,1,1,0,2018,4.02486700,0.045100,10.054,106.47305,0.61200,852,4444.00,4.63,232.8010000
4414,K2-30 b,1,1,0,2016,4.09850300,0.048390,11.646,184.02357,0.64000,1092,5425.00,4.54,333.0420000
4417,K2-30 b,1,1,0,2016,4.09849000,0.041900,11.982,187.20187,0.59800,1203,5575.00,4.60,333.0420000
4419,K2-30 b,1,1,0,2016,4.09850700,0.049860,13.406,198.00809,0.48300,1185,5581.00,4.48,333.0420000
4437,K2-32 b,2,4,0,2016,8.99200000,0.079500,5.299,15.00000,0.55000,837,5271.00,4.49,157.6820000
4440,K2-32 b,2,4,0,2016,8.99213000,0.080360,5.130,16.50000,0.67000,817,5275.00,4.49,157.6820000
4445,K2-32 c,2,4,0,2016,20.66093000,0.138430,3.134,8.10000,1.43000,634,5271.00,4.49,157.6820000
4451,K2-32 c,2,4,0,2016,20.66020000,0.139900,3.010,12.10000,2.70000,619,5275.00,4.49,157.6820000
4456,K2-32 d,2,4,0,2016,31.71701000,0.184220,3.484,6.70000,0.87000,550,5271.00,4.49,157.6820000
4461,K2-32 d,2,4,0,2016,31.71540000,0.186200,3.430,10.30000,1.38000,537,5275.00,4.49,157.6820000
4464,K2-32 e,2,4,0,2019,4.34934000,0.048990,1.212,2.10000,6.30000,1066,5271.00,4.49,157.6820000
4473,K2-329 b,1,1,0,2020,12.45512250,0.101600,8.676,82.63580,0.69400,650,5282.00,4.57,233.2370000
4515,K2-34 b,1,1,0,2016,2.99562900,0.046500,15.435,539.67534,0.80000,1715,6149.00,4.20,348.6460000
4526,K2-34 b,1,1,0,2016,2.99560700,0.044190,15.132,559.38080,0.94000,1742,6132.00,4.17,348.6460000
4595,K2-36 b,1,2,0,2016,1.42261400,0.022300,1.430,3.90000,7.20000,1224,4916.00,4.62,109.7490000
4604,K2-36 c,1,2,0,2016,5.34088800,0.054000,3.200,7.80000,1.30000,788,4916.00,4.62,109.7490000
4679,K2-38 b,1,2,0,2016,4.01593000,0.049940,1.540,7.30000,11.00000,1266,5731.00,4.38,192.6900000
4680,K2-38 b,1,2,0,2016,4.01593000,0.050600,1.550,12.00000,17.50000,1184,5757.00,4.35,192.6900000
4684,K2-38 c,1,2,0,2016,10.56103000,0.096400,2.420,9.90000,3.60000,858,5757.00,4.35,192.6900000
4687,K2-38 c,1,2,0,2016,10.56103000,0.095140,2.290,8.30000,3.80000,916,5731.00,4.38,192.6900000
4736,K2-39 b,1,1,0,2016,4.60497000,0.057400,5.710,39.80000,1.17000,1670,4912.00,3.58,307.4700000
4896,K2-60 b,1,1,0,2016,3.00265000,0.045000,7.656,135.39558,1.70000,1400,5500.00,4.07,491.8700000
4929,K2-66 b,1,1,0,2016,5.06963000,0.059830,2.490,21.30000,7.80000,1372,5887.00,4.03,513.8770000
5075,K2-98 b,1,1,0,2016,10.13675000,0.094300,4.300,32.20000,2.15000,1102,6120.00,4.23,518.6250000
5094,KELT-10 b,1,1,0,2016,4.16627390,0.052500,15.681,215.80657,0.30800,1377,5948.00,4.32,188.4040000
5101,KELT-11 b,1,1,0,2017,4.73652900,0.062290,15.356,61.97685,0.09300,1712,5370.00,3.73,99.1596000
5104,KELT-12 b,1,1,0,2017,5.03162300,0.067080,19.952,301.93850,0.20900,1800,6279.00,3.89,368.0300000
5107,KELT-14 b,1,1,0,2016,1.71005880,0.029560,17.038,380.12468,0.42100,1904,5802.00,4.23,250.1210000
5108,KELT-14 b,1,1,0,2016,1.71005660,0.030050,19.537,408.09372,0.32200,1970,5720.00,4.17,250.1210000
5114,KELT-15 b,2,1,0,2016,3.32944100,0.046130,16.175,289.22530,0.36000,1642,6003.00,4.17,324.6830000
5118,KELT-16 b,2,1,0,2017,0.96899510,0.020440,15.861,874.03250,1.20000,2453,6236.00,4.25,444.5860000
5121,KELT-17 b,1,1,0,2016,3.08017160,0.048810,17.094,416.35730,0.46000,2087,7454.00,4.22,226.5000000
5124,KELT-18 b,2,1,0,2017,2.87175180,0.045500,17.598,375.03940,0.37700,2085,6670.00,4.06,321.3760000
5131,KELT-19 A b,2,1,0,2017,4.61170930,0.063700,21.409,1293.56810,0.74400,1935,7500.00,4.13,300.2760000
5136,KELT-20 b,1,1,0,2017,3.47410850,0.054200,19.515,1074.90106,0.80600,2262,8720.00,4.29,136.4260000
5143,KELT-21 b,1,1,0,2018,3.61276470,0.052240,17.777,1242.71530,1.24000,2051,7598.00,4.17,470.8780000
5147,KELT-23 A b,2,1,0,2019,2.25525100,0.033020,14.830,298.12454,0.50300,1561,5899.00,4.42,126.2610000
5150,KELT-24 b,1,1,0,2019,5.55149260,0.069690,14.258,1646.35940,3.13000,1459,6509.00,4.25,96.5173000
5153,KELT-24 b,1,1,0,2019,5.55149000,0.067000,15.244,1334.87931,2.30000,1473,6415.00,4.18,96.5173000
5156,KELT-3 b,2,1,0,2013,2.70339040,0.041220,15.076,469.41500,0.75000,1816,6306.00,4.21,210.2520000
5161,KELT-4 A b,3,1,0,2016,2.98959320,0.043170,19.044,286.68266,0.22800,1823,6206.00,4.11,218.0500000
5168,KELT-6 b,1,2,0,2014,7.84570000,0.079390,13.372,136.66100,0.31100,1313,6102.00,4.07,240.7260000
5171,KELT-7 b,1,1,0,2015,2.73477490,0.044150,17.183,406.82240,0.44200,2048,6789.00,4.15,136.6810000
5184,KELT-8 b,1,1,0,2015,3.24406000,0.045710,20.849,275.55861,0.16700,1675,5754.00,4.08,197.5720000
5186,KELT-9 b,2,1,0,2017,1.48112350,0.034620,21.196,915.35040,0.53000,4050,10170.00,4.09,204.4550000
5459,KOI-13 b,3,1,0,2011,1.76358800,0.036410,16.948,2949.46240,3.60000,2550,7650.00,4.20,519.0960000
5602,KOI-3680 b,1,1,0,2018,141.24167100,0.534000,11.097,613.41190,2.46000,347,5830.00,4.47,921.9860000
5621,KOI-94 b,2,4,0,2013,3.74320800,0.051190,1.710,10.50000,10.10000,1486,6182.00,4.18,477.0520000
5640,KOI-94 c,2,4,0,2013,10.42364800,0.101300,4.320,15.60000,0.91000,1012,6182.00,4.18,477.0520000
5645,KOI-94 d,2,4,0,2013,22.34298900,0.168400,11.270,106.00000,0.36300,806,6182.00,4.18,477.0520000
5660,KOI-94 e,2,4,0,2013,54.32031000,0.304600,6.560,35.00000,0.60000,584,6182.00,4.18,477.0520000
5686,KPS-1 b,1,1,0,2018,1.70629100,0.026900,11.545,346.43470,1.31000,1459,5165.00,4.47,262.7060000
5695,Kepler-10 b,1,2,0,2011,0.83749500,0.016840,1.416,4.56000,8.80000,1833,5627.00,4.34,185.5060000
5705,Kepler-10 b,1,2,0,2011,0.83749100,0.017200,1.481,4.60853,8.00000,2130,5627.00,4.35,185.5060000
5709,Kepler-10 b,1,2,0,2011,0.83749070,0.016850,1.470,3.33000,5.80000,2169,5708.00,4.34,185.5060000
5716,Kepler-10 c,1,2,0,2011,45.29485000,0.240700,2.227,20.00000,10.00000,485,5627.00,4.34,185.5060000
5870,Kepler-101 b,1,2,0,2014,3.48768120,0.047400,5.770,51.10000,1.45000,1513,5667.00,4.12,927.9810000
5883,Kepler-101 c,1,2,0,2014,6.02976000,0.068400,1.250,3.78000,10.50000,1413,5667.00,4.12,927.9810000
6702,Kepler-107 b,1,4,0,2014,3.18002180,0.045440,1.536,3.51000,5.30000,1593,5854.00,4.21,525.9970000
6721,Kepler-107 c,1,4,0,2014,4.90145200,0.060640,1.597,9.39000,12.65000,1379,5854.00,4.21,525.9970000
6737,Kepler-107 d,1,4,0,2014,7.95839000,0.083770,0.860,3.80000,33.10000,1173,5854.00,4.21,525.9970000
6751,Kepler-107 e,1,4,0,2014,14.74914300,0.126390,2.903,8.60000,2.00000,955,5854.00,4.21,525.9970000
8092,Kepler-117 b,1,2,0,2014,18.79592280,0.144500,8.059,29.87500,0.30000,984,6150.00,4.10,1455.5700000
8102,Kepler-117 c,1,2,0,2014,50.79039100,0.280400,12.341,584.78000,1.74000,704,6150.00,4.10,1455.5700000
8439,Kepler-12 b,1,1,0,2011,4.43796370,0.055500,19.123,136.66690,0.10773,1485,5947.00,4.16,881.3860000
8441,Kepler-12 b,1,1,0,2011,4.43796290,0.055300,19.661,137.30256,0.11000,1480,5947.00,4.17,881.3860000
10793,Kepler-138 b,1,4,0,2014,10.31340000,0.075300,0.640,0.07000,1.70000,452,3841.00,4.71,66.8624000
10810,Kepler-138 c,1,4,0,2014,13.78150000,0.091300,1.510,2.30000,3.60000,410,3841.00,4.71,66.8624000
10835,Kepler-138 d,1,4,0,2014,23.09230000,0.128800,1.510,2.10000,3.60000,345,3841.00,4.71,66.8624000
12250,Kepler-15 b,1,1,0,2011,4.94278200,0.058300,14.448,221.20968,0.40400,1251,5595.00,4.28,739.4120000
12448,Kepler-1514 b,1,2,0,2016,217.83184000,0.753000,12.420,1678.14240,4.82000,388,6145.00,4.29,397.2920000
13969,Kepler-1654 b,1,1,0,2018,1047.83560000,2.026000,9.180,158.91500,1.20000,206,5597.00,4.30,568.1170000
13988,Kepler-1656 b,1,2,0,2018,31.57865900,0.197000,5.020,48.60000,2.13000,651,5731.00,4.37,185.8750000
14030,Kepler-1661 b,2,1,0,2020,175.06000000,0.633000,3.870,17.00000,1.60000,243,5100.00,4.66,410.6070000
14146,Kepler-167 e,2,4,0,2016,1071.23205000,1.883000,10.160,321.00669,1.68000,134,4884.00,4.58,341.9080000
14460,Kepler-17 b,1,1,0,2011,1.48571080,0.025910,14.680,778.65000,1.35000,1570,5781.00,4.45,720.7530000
14463,Kepler-17 b,1,1,0,2011,1.48571080,0.026050,14.684,743.72220,1.29542,1712,5781.00,4.48,720.7530000
14517,Kepler-1704 b,1,1,0,2013,988.88112000,2.027000,11.949,1322.16617,4.07000,254,5746.00,4.03,835.4550000
17358,Kepler-20 b,2,6,0,2011,3.69612190,0.045370,1.910,8.70000,6.50000,1014,5455.00,4.40,282.5630000
17360,Kepler-20 b,2,6,0,2011,3.69611525,0.046300,1.868,9.70000,8.20000,1105,5495.00,4.45,282.5630000
17366,Kepler-20 c,2,6,0,2011,10.85409089,0.094900,3.047,12.75000,2.50000,772,5495.00,4.45,282.5630000
17376,Kepler-20 c,2,6,0,2011,10.85409200,0.093000,3.070,16.10000,2.91000,713,5455.00,4.40,282.5630000
17380,Kepler-20 d,2,6,0,2011,77.61184000,0.345300,2.750,20.10000,4.07000,369,5455.00,4.40,282.5630000
17385,Kepler-20 d,2,6,0,2011,77.61130017,0.350600,2.744,10.07000,2.70000,401,5495.00,4.45,282.5630000
17695,Kepler-21 b,2,1,0,2012,2.78578000,0.042717,1.639,5.08000,6.40000,2025,6305.00,4.03,108.5220000
17696,Kepler-21 b,2,1,0,2012,2.78575500,0.042507,1.635,10.40000,12.90000,1956,6131.00,4.02,108.5220000
17978,Kepler-22 b,1,1,0,2011,289.86230000,0.849000,2.380,36.00000,14.70000,262,5518.00,4.44,194.6420000
22488,Kepler-36 b,1,2,0,2012,13.83989000,0.115300,1.486,4.45000,7.46000,978,5911.00,4.04,527.9560000
22496,Kepler-36 c,1,2,0,2012,16.23855000,0.128300,3.679,8.08000,0.89000,928,5911.00,4.04,527.9560000
23215,Kepler-39 b,1,1,0,2011,21.08716800,0.153900,12.240,5689.15700,17.20000,851,6260.00,4.29,1057.4100000
23216,Kepler-39 b,1,1,0,2011,21.08740000,0.155000,13.680,5720.70000,12.40000,905,6260.00,4.10,1057.4100000
23225,Kepler-39 b,1,1,0,2011,21.08721000,0.164000,13.900,6388.10000,13.00000,897,6350.00,4.40,1057.4100000
23462,Kepler-4 b,1,1,0,2009,3.21346000,0.045600,4.002,24.47200,1.91000,1650,5857.00,4.17,487.9160000
23463,Kepler-4 b,1,1,0,2009,3.21365800,0.044900,4.125,23.83725,1.88000,1620,5857.00,4.17,487.9160000
23480,Kepler-40 b,1,1,0,2010,6.87316970,0.080200,16.141,686.51280,0.89000,1744,6510.00,3.81,2305.0100000
23483,Kepler-40 b,1,1,0,2010,6.87349000,0.079500,14.235,673.79960,1.30000,1666,6510.00,3.89,2305.0100000
23486,Kepler-40 b,1,1,0,2010,6.87349000,0.080000,13.110,699.20000,1.68000,1620,6510.00,3.94,2305.0100000
23700,Kepler-41 b,1,1,0,2011,1.85555880,0.028950,9.550,156.69019,0.99750,1554,5660.00,4.47,1093.0800000
23702,Kepler-41 b,1,1,0,2011,1.85555800,0.030000,9.980,174.80000,1.10000,1730,5620.00,4.47,1093.0800000
23706,Kepler-41 b,1,1,0,2011,1.85555770,0.023960,11.657,177.98480,0.70000,1770,5620.00,4.47,1093.0800000
23708,Kepler-41 b,1,1,0,2011,1.85555820,0.031010,14.460,177.98000,0.33000,1790,5750.00,4.28,1093.0800000
23758,Kepler-412 b,1,1,0,2014,1.72086040,0.028970,15.031,299.07803,0.52000,1850,5750.00,4.30,1086.2400000
23946,Kepler-423 b,1,1,0,2014,2.68432850,0.035850,13.361,189.10100,0.45900,1605,5560.00,4.41,758.7530000
23969,Kepler-425 b,1,1,0,2014,3.79701816,0.046400,10.962,79.45000,0.27000,1070,5170.00,4.54,646.6470000
23981,Kepler-426 b,1,1,0,2014,3.21751883,0.041400,12.220,108.06000,0.26000,1300,5725.00,4.47,843.6950000
23994,Kepler-427 b,1,1,0,2014,10.29099400,0.091000,13.790,92.17000,0.16000,1100,5800.00,4.14,1017.8000000
24006,Kepler-428 b,1,1,0,2014,3.52563254,0.043300,12.110,403.63000,1.02000,1070,5150.00,4.57,686.2840000
24015,Kepler-43 b,1,1,0,2011,3.02409500,0.044900,13.450,1026.55000,2.33000,1637,6041.00,4.26,1005.8400000
24016,Kepler-43 b,1,1,0,2011,3.02409330,0.044000,12.498,982.09470,2.78000,1603,6041.00,4.28,1005.8400000
24024,Kepler-43 b,1,1,0,2011,3.02409309,0.044400,13.000,994.77000,2.49000,1628,6050.00,4.26,1005.8400000
24025,Kepler-43 b,1,1,0,2011,3.02409490,0.046000,13.664,1026.59090,5.00000,1620,6041.00,4.26,1005.8400000
24090,Kepler-433 b,1,1,0,2015,5.33408384,0.067900,16.250,896.24000,1.13000,1776,6360.00,3.89,1878.3100000
24102,Kepler-434 b,1,1,0,2015,12.87470990,0.114300,12.670,908.96000,2.40000,1000,5977.00,4.24,1222.5400000
24119,Kepler-435 b,1,1,0,2015,8.60015360,0.094800,22.310,266.97000,0.13100,1729,6161.00,3.61,1418.7700000
24171,Kepler-44 b,1,1,0,2011,3.24672200,0.045700,13.451,327.36490,0.73000,1568,5757.00,4.19,1188.0000000
24178,Kepler-44 b,1,1,0,2011,3.24674000,0.045500,13.900,324.17000,0.65000,1603,5757.00,4.15,1188.0000000
24179,Kepler-44 b,1,1,0,2011,3.24672930,0.044600,12.220,317.82000,0.93000,1544,5800.00,4.22,1188.0000000
24369,Kepler-45 b,1,1,0,2011,2.45523900,0.030000,10.760,160.49700,0.80000,1000,3820.00,4.70,381.9490000
24372,Kepler-45 b,1,1,0,2011,2.45524122,0.029540,11.198,158.91500,0.62400,787,3820.00,4.73,381.9490000
24454,Kepler-46 b,1,3,0,2012,33.60134000,0.196800,9.057,1907.00000,14.00000,543,5155.00,4.45,777.0600000
24980,Kepler-5 b,1,1,0,2009,3.54846000,0.050640,16.040,671.86400,0.89400,1868,6297.00,4.07,899.7770000
24981,Kepler-5 b,1,1,0,2009,3.54846570,0.053800,15.984,670.93913,0.40000,1750,6297.00,3.96,899.7770000
24982,Kepler-5 b,1,1,0,2009,3.54846900,0.049670,13.563,648.37320,1.43100,1692,6297.00,4.17,899.7770000
25123,Kepler-51 b,1,3,0,2012,45.15400000,0.251400,7.100,2.10000,0.03000,543,6018.00,4.51,783.8310000
25126,Kepler-51 c,1,3,0,2012,85.31200000,0.384000,9.000,4.00000,0.03000,439,6018.00,4.51,783.8310000
25152,Kepler-51 d,1,3,0,2014,130.19400000,0.509000,9.700,7.60000,0.04600,381,6018.00,4.51,783.8310000
25554,Kepler-538 b,2,1,0,2016,81.73778000,0.466900,2.215,10.60000,5.40000,380,5547.00,4.51,155.9560000
25566,Kepler-539 b,1,2,0,2016,125.63243000,0.498800,8.373,308.29510,2.90000,388,5820.00,4.50,307.3180000
26419,Kepler-6 b,1,1,0,2009,3.23469960,0.048520,14.617,212.31044,0.40000,1460,5647.00,4.24,587.0390000
26421,Kepler-6 b,1,1,0,2009,3.23472300,0.045670,14.830,212.61900,0.35200,1500,5647.00,4.24,587.0390000
26428,Kepler-6 b,1,1,0,2009,3.23470200,0.044380,13.103,201.18639,0.49200,1451,5647.00,4.28,587.0390000
27513,Kepler-68 b,2,3,0,2013,5.39876300,0.061700,2.310,8.30000,3.32000,1280,5793.00,4.28,144.1660000
27758,Kepler-7 b,1,1,0,2009,4.88552500,0.062240,16.567,137.61500,0.16600,1540,5933.00,4.03,922.5620000
27767,Kepler-7 b,1,1,0,2009,4.88548920,0.060670,18.181,140.16303,0.14000,1630,5933.00,3.98,922.5620000
27771,Kepler-7 b,1,1,0,2009,4.88549220,0.063240,18.484,143.97699,0.12560,1619,5933.00,3.97,922.5620000
27773,Kepler-7 b,1,1,0,2009,4.88549480,0.061300,17.957,135.07775,0.13000,1621,5933.00,3.96,922.5620000
28215,Kepler-74 b,1,1,0,2013,7.34071800,0.084000,14.800,216.12000,0.37000,1250,6050.00,4.20,1177.5500000
28219,Kepler-74 b,1,1,0,2013,7.34071100,0.078100,10.760,200.22000,0.88000,1078,6000.00,4.44,1177.5500000
28321,Kepler-75 b,1,1,0,2013,8.88492400,0.080000,11.550,3146.40000,11.00000,850,5330.00,4.50,835.3560000
28330,Kepler-75 b,1,1,0,2013,8.88491160,0.081800,11.770,3209.90000,11.00000,767,5200.00,4.50,835.3560000
28475,Kepler-76 b,1,1,0,2013,1.54492980,0.027400,15.244,638.83830,1.10000,2140,6409.00,4.20,822.9600000
28600,Kepler-77 b,1,1,0,2013,3.57878087,0.045010,10.761,136.66100,0.60300,1440,5520.00,4.42,639.4110000
28996,Kepler-8 b,1,1,0,2010,3.52249910,0.047400,15.872,187.51970,0.27000,1680,6213.00,4.17,1021.8700000
29007,Kepler-8 b,1,1,0,2010,3.52254000,0.048300,15.906,191.64300,0.26100,1764,6213.00,4.17,1021.8700000
29008,Kepler-8 b,1,1,0,2010,3.52250470,0.048500,15.480,187.51970,0.27900,1662,6213.00,4.18,1021.8700000
29977,Kepler-87 b,1,2,0,2013,114.73635000,0.481000,13.490,324.20000,0.72900,478,5600.00,3.96,1232.9000000
29985,Kepler-87 c,1,2,0,2013,191.23180000,0.676000,6.140,6.40000,0.15200,403,5600.00,3.96,1232.9000000
30438,Kepler-91 b,1,1,0,2013,6.24658000,0.073100,15.323,257.44230,0.40000,2040,4550.00,2.95,1294.6900000
30695,Kepler-93 b,1,2,0,2014,4.72673978,0.053000,1.478,4.02000,6.88000,1037,5655.00,4.51,95.9115000
31497,L 168-9 b,1,1,0,2020,1.40150000,0.020910,1.390,4.60000,9.60000,965,3800.00,4.04,25.1496000
31500,L 98-59 b,1,4,0,2019,2.25310000,0.022820,0.800,1.01000,12.70000,610,3412.00,4.94,10.6194000
31502,L 98-59 b,1,4,0,2019,2.25311360,0.021910,0.850,0.40000,3.60000,627,3415.00,4.86,10.6194000
31504,L 98-59 c,1,4,0,2019,3.69067770,0.030400,1.385,2.22000,4.57000,553,3415.00,4.86,10.6194000
31507,L 98-59 c,1,4,0,2019,3.69040000,0.031700,1.350,2.42000,5.40000,517,3412.00,4.94,10.6194000
31509,L 98-59 d,1,4,0,2019,7.45120000,0.050600,1.570,2.31000,3.30000,409,3412.00,4.94,10.6194000
31510,L 98-59 d,1,4,0,2019,7.45072450,0.048600,1.521,1.94000,2.95000,416,3415.00,4.86,10.6194000
31521,LHS 1478 b,1,1,0,2021,1.94953780,0.018480,1.242,2.33000,6.67000,595,3381.00,4.87,18.2276000
31534,LP 714-47 b,1,1,0,2020,4.05203700,0.041700,4.700,30.80000,1.70000,700,3950.00,4.64,52.6160000
31544,LTT 1445 A b,3,2,0,2019,5.35882000,0.038070,1.380,2.20000,4.40000,433,3337.00,4.97,6.8692900
31548,LTT 3780 b,2,2,0,2020,0.76837700,0.012030,1.350,2.34000,5.24000,1000,3360.00,4.81,21.9814000
31549,LTT 3780 b,2,2,0,2020,0.76844800,0.012110,1.332,2.62000,6.10000,892,3331.00,4.90,21.9814000
31550,LTT 3780 c,2,2,0,2020,12.25213100,0.076200,2.420,6.29000,2.45000,397,3360.00,4.81,21.9814000
31551,LTT 3780 c,2,2,0,2020,12.25190000,0.076730,2.300,8.60000,3.90000,353,3331.00,4.90,21.9814000
31553,LTT 9779 b,1,1,0,2020,0.79205200,0.016790,4.720,29.32000,1.53600,1978,5443.00,4.35,80.4373000
31559,MASCARA-1 b,1,1,0,2017,2.14878000,0.043000,16.814,1175.97100,1.50000,2570,7554.00,4.00,182.2730000
31663,NGTS-1 b,1,1,0,2017,2.64729800,0.032600,14.908,258.07796,0.42000,790,3916.00,4.71,218.1210000
31669,NGTS-11 b,1,1,0,2020,35.45533000,0.201000,9.158,109.33352,0.78000,435,5050.00,4.50,190.4220000
31670,NGTS-12 b,1,1,0,2020,7.53280600,0.075700,11.747,66.10864,0.22300,1257,5690.00,4.04,446.4420000
31673,NGTS-13 b,1,1,0,2021,4.11902700,0.054900,12.801,1538.29720,4.02000,1605,5819.00,4.04,647.5950000
31674,NGTS-14 A b,2,1,0,2021,3.53571730,0.040300,4.977,29.24036,1.39500,1143,5187.00,4.20,322.1480000
31675,NGTS-15 b,1,1,0,2021,3.27623000,0.044100,12.330,238.68913,0.74000,1146,5600.00,4.40,786.4850000
31676,NGTS-16 b,1,1,0,2021,4.84532000,0.052300,14.572,211.99155,0.38000,1177,5550.00,4.35,898.1680000
31677,NGTS-17 b,1,1,0,2021,3.24253000,0.039100,13.899,242.82090,0.50000,1457,5650.00,4.00,1040.2800000
31678,NGTS-18 b,1,1,0,2021,3.05125000,0.044800,13.563,129.99182,0.28000,1381,5610.00,4.16,1096.1900000
31679,NGTS-2 b,1,1,0,2018,4.51116400,0.063000,17.878,235.19420,0.22600,1468,6478.00,4.20,356.3910000
31684,NGTS-21 b,1,1,0,2022,1.54338970,0.023600,14.908,750.07504,1.25000,1357,4660.00,4.63,592.8910000
31691,NGTS-4 b,1,1,0,2019,1.33735080,0.019000,3.180,20.60000,3.45000,1650,5143.00,4.50,280.5550000
31696,NGTS-6 b,1,1,0,2019,0.88205900,0.016770,14.863,425.57437,0.71100,1284,4730.00,4.70,308.2620000
31698,NGTS-8 b,1,1,0,2019,2.49970000,0.035000,12.218,295.58190,0.89000,1345,5241.00,4.41,428.9760000
31699,NGTS-9 b,1,1,0,2019,4.43527000,0.058000,11.994,921.70700,2.93000,1448,6330.00,4.37,609.1280000
31980,OGLE-TR-10 b,1,1,0,2004,3.10127800,0.045160,19.279,216.12440,0.17800,1702,6075.00,4.18,1344.9700000
31993,OGLE-TR-111 b,1,1,0,2004,4.01444770,0.046760,11.332,174.80650,0.65000,1019,5044.00,4.54,1068.3300000
31996,OGLE-TR-111 b,1,1,0,2004,4.01444790,0.046510,12.072,171.62820,0.57000,1034,5044.00,4.51,1068.3300000
32004,OGLE-TR-113 b,1,1,0,2004,1.43247570,0.022780,12.453,394.10920,1.21000,1355,4804.00,4.54,566.4590000
32005,OGLE-TR-113 b,1,1,0,2004,1.43247425,0.022650,12.195,390.93090,1.18000,1342,4790.00,4.55,566.4590000
32012,OGLE-TR-132 b,1,1,0,2004,1.68986800,0.030350,13.450,375.02000,0.85000,2013,6210.00,4.31,2012.6200000
32013,OGLE-TR-132 b,1,1,0,2004,1.68986800,0.030290,14.011,371.86110,0.78000,2017,6210.00,4.28,2012.6200000
32014,OGLE-TR-132 b,1,1,0,2004,1.68986531,0.030260,13.776,371.86110,0.78000,1991,6210.00,4.30,2012.6200000
32017,OGLE-TR-182 b,1,1,0,2007,3.97910000,0.052050,16.477,336.89980,0.44200,1550,5924.00,4.14,2501.7500000
32018,OGLE-TR-211 b,1,1,0,2007,3.67724000,0.051050,14.146,238.37250,0.49476,1686,6325.00,4.17,1515.2600000
32032,OGLE2-TR-L9 b,1,1,0,2008,2.48553417,0.040470,18.304,1398.45200,1.25000,2034,6933.00,4.24,1627.6300000
32033,OGLE2-TR-L9 b,1,1,0,2008,2.48553300,0.040400,18.091,1379.38220,1.37000,2039,6933.00,4.24,1627.6300000
32079,Qatar-1 b,1,1,0,2010,1.42002586,0.023130,12.801,410.95419,1.08000,1388,4910.00,4.55,185.6150000
32084,Qatar-1 b,1,1,0,2010,1.42002420,0.023320,12.812,411.27202,1.07600,1418,5013.00,4.55,185.6150000
32087,Qatar-1 b,1,1,0,2010,1.42002504,0.023430,13.227,422.71390,1.10000,1389,4910.00,4.55,185.6150000
32095,Qatar-10 b,1,1,0,2019,1.64532100,0.028600,17.295,233.92288,0.24800,1955,6124.00,4.30,559.0680000
32104,Qatar-2 b,1,1,0,2011,1.33711820,0.021490,12.823,790.41000,2.20800,1292,4645.00,4.60,181.3740000
32106,Qatar-2 b,1,1,0,2011,1.33711647,0.021530,14.056,792.63500,1.57300,1344,4645.00,4.53,181.3740000
32110,Qatar-3 b,1,1,0,2017,2.50792040,0.037830,12.285,1369.84730,4.00000,1681,6007.00,4.29,735.6010000
32115,Qatar-4 b,1,1,0,2017,1.80535640,0.028030,12.722,1938.76300,5.10000,1385,5215.00,4.53,329.0360000
32117,Qatar-5 b,1,1,0,2017,2.87923190,0.041270,12.408,1373.02560,3.95000,1415,5747.00,4.43,367.6580000
32125,Qatar-7 b,1,1,0,2019,2.03204600,0.035200,19.055,597.52040,0.50200,2053,6387.00,4.20,705.9810000
32127,Qatar-8 b,1,1,0,2019,3.71495000,0.047400,14.404,117.91493,0.21600,1457,5738.00,4.21,281.4980000
32133,Qatar-9 b,1,1,0,2019,1.54073100,0.023400,11.310,378.21770,1.43000,1134,4309.00,4.61,213.7710000
32158,TIC 237913194 b,1,1,0,2020,15.16886500,0.120700,12.520,617.22586,1.84700,974,5788.00,4.38,306.0630000
32164,TOI-1062 b,1,2,0,2021,4.11296000,0.052000,2.265,10.15000,4.85000,1077,5328.00,4.55,82.1733000
32167,TOI-1064 b,1,2,0,2022,6.44386800,0.061520,2.587,13.50000,4.30062,784,4734.00,4.60,68.0726000
32169,TOI-1064 c,1,2,0,2022,12.22657400,0.094290,2.651,2.50000,0.77191,634,4734.00,4.60,68.0726000
32174,TOI-1107 b,1,1,0,2022,4.07823870,0.056100,14.572,1064.72516,1.89000,1728,6311.00,4.05,281.3140000
32178,TOI-1130 c,1,2,0,2020,8.35038100,0.070980,16.814,309.56642,0.38000,637,4250.00,4.60,58.2609000
32192,TOI-1201 b,2,1,0,2021,2.49198630,0.028700,2.415,6.28000,2.45000,703,3476.00,4.80,37.8871000
32199,TOI-1231 b,1,1,0,2021,24.24558600,0.128800,3.650,15.40000,1.74000,330,3553.00,4.77,27.6227000
32201,TOI-1235 b,1,1,0,2020,3.44472900,0.038450,1.738,6.91000,7.40000,754,3872.00,4.65,39.6345000
32203,TOI-1235 b,1,1,0,2020,3.44471700,0.038260,1.694,5.90000,6.70000,775,3997.00,4.64,39.6345000
32205,TOI-1246 b,1,4,0,2022,4.30744000,0.049000,3.010,8.10000,1.63000,955,5151.00,4.40,169.4220000
32208,TOI-1246 c,1,4,0,2022,5.90414400,0.061000,2.510,8.80000,3.21000,860,5151.00,4.40,169.4220000
32210,TOI-1246 d,1,4,0,2022,18.65590000,0.131000,3.510,5.30000,0.70000,586,5151.00,4.40,169.4220000
32212,TOI-1246 e,1,4,0,2022,37.92160000,0.211000,3.780,14.80000,1.51000,462,5151.00,4.40,169.4220000
32214,TOI-125 b,1,3,0,2019,4.65382000,0.051860,2.726,9.50000,2.57000,1037,5320.00,4.52,111.0590000
32218,TOI-125 c,1,3,0,2019,9.15059000,0.081400,2.759,6.63000,1.73000,828,5320.00,4.52,111.0590000
32220,TOI-125 d,1,3,0,2020,19.98000000,0.137000,2.930,13.60000,2.98000,638,5320.00,4.52,111.0590000
32221,TOI-1259 A b,2,1,0,2021,3.47797800,0.040700,11.456,140.16233,0.51300,963,4775.00,4.61,118.1060000
32223,TOI-1260 b,1,3,0,2021,3.12748000,0.036600,2.340,8.60000,3.69000,860,4227.00,4.57,73.5977000
32224,TOI-1260 b,1,3,0,2021,3.12746300,0.036700,2.410,8.56000,3.35000,871,4227.00,4.57,73.5977000
32226,TOI-1260 c,1,3,0,2021,7.49313400,0.065700,2.760,13.20000,3.45000,651,4227.00,4.57,73.5977000
32228,TOI-1260 c,1,3,0,2021,7.49325000,0.065600,2.820,11.80000,2.87000,643,4227.00,4.57,73.5977000
32230,TOI-1260 d,1,3,0,2022,16.60816400,0.111600,3.120,11.84000,2.14000,499,4227.00,4.57,73.5977000
32237,TOI-1268 b,1,1,0,2022,8.15770940,0.071100,9.100,96.40000,0.71000,919,5300.00,4.55,109.5570000
32243,TOI-1272 b,1,2,0,2022,3.31599000,0.041200,4.140,24.60000,1.90000,961,4985.00,4.55,137.5720000
32252,TOI-1296 b,1,1,0,2021,3.94437150,0.049700,13.798,94.71287,0.19800,1562,5603.00,4.05,323.2650000
32253,TOI-1298 b,1,1,0,2021,4.53716400,0.059000,9.427,113.14691,0.74300,1388,5889.00,4.39,319.0360000
32256,TOI-132 b,1,1,0,2020,2.10970190,0.026000,3.420,22.40000,3.08000,1395,5397.00,4.48,163.6780000
32258,TOI-1333 b,2,1,0,2021,4.72021900,0.062600,15.648,753.25710,1.08000,1679,6274.00,4.03,200.4920000
32266,TOI-1422 b,1,1,0,2022,12.99720000,0.108000,3.960,9.00000,0.79500,867,5840.00,4.41,155.1410000
32269,TOI-1431 b,1,1,0,2021,2.65023700,0.046000,16.701,991.62463,1.17000,2370,7690.00,4.15,148.9250000
32275,TOI-1452 b,2,1,0,2022,11.06201000,0.061000,1.672,4.82000,5.60000,326,3185.00,4.95,30.5212000
32282,TOI-1478 b,1,1,0,2021,10.18024900,0.090300,11.882,270.47333,0.88000,918,5597.00,4.37,152.8920000
32284,TOI-150.01,1,1,0,2019,5.85748700,0.070370,14.067,797.75330,1.68000,1404,6255.00,4.13,336.2670000
32285,TOI-150.01,1,1,0,2019,5.85734200,0.058300,15.468,556.20250,0.83000,1493,6003.00,4.15,336.2670000
32291,TOI-157 b,1,1,0,2020,2.08454350,0.031380,14.415,375.03940,0.68600,1588,5404.00,4.28,355.6830000
32293,TOI-1601 b,1,1,0,2021,5.33175100,0.068640,13.888,314.65170,0.64000,1619,5948.00,3.94,336.6080000
32295,TOI-163 b,1,1,0,2019,4.23130600,0.058000,16.690,387.75260,0.49000,1669,6495.00,4.19,411.7190000
32298,TOI-1634 b,2,1,0,2021,0.98934300,0.015450,1.790,4.91000,4.70000,924,3550.00,4.83,35.2736000
32299,TOI-1634 b,2,1,0,2021,0.98934360,0.014900,1.749,10.14000,10.40000,920,3472.00,4.79,35.2736000
32301,TOI-1670 b,1,2,0,2022,10.98462000,0.103000,2.060,41.31769,8.60000,1062,6170.00,4.29,168.0670000
32304,TOI-1670 c,1,2,0,2022,40.74976000,0.249000,11.063,200.23190,0.81000,684,6170.00,4.29,168.0670000
32306,TOI-1685 b,1,1,0,2021,0.66914160,0.011557,1.459,3.43000,6.10000,1052,3461.00,4.78,37.6153000
32310,TOI-169 b,1,1,0,2020,2.25544770,0.035240,12.173,251.40353,0.76000,1715,5880.00,4.28,407.8400000
32318,TOI-1695 b,1,1,0,2022,3.13427910,0.033548,1.900,6.36000,5.00000,698,3690.00,4.72,45.1309000
32319,TOI-1696 b,1,1,0,2022,2.50031000,0.023500,3.240,56.60000,9.44000,533,3168.00,4.96,64.9172000
32324,TOI-172 b,1,1,0,2019,9.47725000,0.091400,10.817,1722.63860,7.53000,1198,5645.00,3.99,342.8310000
32328,TOI-1728 b,1,1,0,2020,3.49151000,0.039100,5.050,26.78000,1.14000,767,3980.00,4.66,60.7980000
32335,TOI-1759 b,1,1,0,2022,18.84997500,0.117600,3.060,6.80000,1.30000,433,3972.00,4.50,40.0654000
32336,TOI-1759 b,1,1,0,2022,18.85019000,0.117700,3.140,10.80000,1.91000,443,4065.00,4.65,40.0654000
32338,TOI-178 b,1,6,0,2021,1.91455800,0.026070,1.152,1.50000,5.40000,1040,4316.00,4.45,62.6990000
32339,TOI-178 c,1,6,0,2021,3.23845000,0.037000,1.669,4.77000,5.62000,873,4316.00,4.45,62.6990000
32342,TOI-178 d,1,6,0,2021,6.55770000,0.059200,2.572,3.01000,0.97600,690,4316.00,4.45,62.6990000
32344,TOI-178 e,1,6,0,2021,9.96188100,0.078300,2.207,3.86000,1.98000,600,4316.00,4.45,62.6990000
32345,TOI-178 f,1,6,0,2021,15.23191500,0.103900,2.287,7.72000,3.60000,521,4316.00,4.45,62.6990000
32346,TOI-178 g,1,6,0,2021,20.70950000,0.127500,2.870,3.94000,0.91500,470,4316.00,4.45,62.6990000
32348,TOI-1789 b,1,1,0,2021,3.20866400,0.048820,16.141,222.47988,0.28000,1927,5991.00,3.94,229.0670000
32354,TOI-181 b,1,1,0,2023,4.53200000,0.053900,6.956,46.16870,0.75620,895,4994.00,4.61,96.2338000
32356,TOI-1811 b,1,1,0,2023,3.71307650,0.043890,11.142,308.92921,1.23000,962,4766.00,4.58,128.2300000
32358,TOI-1820 b,1,1,0,2022,4.86067400,0.061000,12.778,731.00534,2.00000,1375,5734.00,4.24,248.5040000
32363,TOI-1899 b,1,1,0,2020,29.02000000,0.158700,12.890,209.76780,0.54000,362,3841.00,4.67,128.4380000
32365,TOI-1937 A b,2,1,0,2023,0.94667944,0.019320,13.978,638.83510,1.28000,2097,5814.00,4.40,415.1350000
32370,TOI-2025 b,1,1,0,2022,8.87207800,0.092000,12.520,1398.44499,3.90000,1167,5880.00,4.17,335.9850000
32371,TOI-2025 b,1,1,0,2022,8.87209820,0.089200,11.893,1144.18227,3.74000,1166,5977.00,4.19,335.9850000
32396,TOI-2136 b,1,1,0,2022,7.85191000,0.054000,2.090,15.00000,9.53000,403,3366.00,4.92,33.3631000
32397,TOI-2136 b,1,1,0,2022,7.85192500,0.053300,2.200,4.70000,2.39000,378,3373.00,4.88,33.3631000
32398,TOI-2136 b,1,1,0,2022,7.85192800,0.057000,2.190,6.37000,3.34000,395,3342.00,4.91,33.3631000
32399,TOI-2145 b,1,1,0,2023,10.26075000,0.110800,11.982,1671.77742,5.34000,1484,6177.00,3.79,224.7310000
32401,TOI-2152 A b,3,1,0,2023,3.37735120,0.050640,14.359,899.45439,1.67000,1802,6630.00,4.21,303.0060000
32403,TOI-2154 b,1,1,0,2023,3.82408010,0.051300,16.287,292.40213,0.37000,1580,6280.00,4.24,296.4600000
32405,TOI-2158 b,1,1,0,2022,8.60077000,0.075000,10.761,260.61929,1.14000,1188,5673.00,4.19,198.4730000
32408,TOI-216.01,1,2,0,2019,34.55600000,0.206900,11.290,200.00000,0.76000,497,5026.00,4.66,177.9450000
32411,TOI-216.02,1,2,0,2019,17.08900000,0.129300,7.690,30.00000,0.34000,628,5026.00,4.66,177.9450000
32415,TOI-2180 b,1,1,0,2022,260.79000000,0.828000,11.321,875.61726,3.32000,348,5695.00,4.06,116.6850000
32418,TOI-2193 A b,2,1,0,2022,2.12257350,0.033190,19.840,298.75870,0.06000,1763,5966.00,4.28,337.0640000
32421,TOI-2196 b,1,1,0,2022,1.19472680,0.022340,3.510,26.00000,3.31000,1860,5634.00,4.42,259.9470000
32423,TOI-220 b,1,1,0,2021,10.69526400,0.089110,3.030,13.80000,2.73000,805,5298.00,4.37,90.7402000
32427,TOI-2207 b,1,1,0,2022,8.00196800,0.085400,11.153,203.41018,0.80000,1259,6101.00,4.16,373.3450000
32429,TOI-2236 b,1,1,0,2022,3.53159020,0.050090,14.370,502.16888,0.93000,1688,6248.00,4.17,355.5900000
32440,TOI-2364 b,1,1,0,2023,4.01975170,0.048710,8.608,71.51139,0.61000,1091,5306.00,4.52,219.6140000
32448,TOI-2421 b,1,1,0,2022,4.34740320,0.054300,10.368,105.83686,0.52000,1534,5607.00,4.00,327.9270000
32454,TOI-2497 b,1,1,0,2023,10.65566900,0.116600,11.142,1531.93292,6.10000,1595,7360.00,3.96,285.2890000
32465,TOI-2567 b,1,1,0,2022,5.98394400,0.067200,10.929,63.88351,0.26900,1352,5611.00,4.04,504.7750000
32468,TOI-257 b,1,1,0,2021,18.38818000,0.152800,7.163,43.86032,0.65000,1027,6095.00,4.04,76.9028000
32469,TOI-2570 b,1,1,0,2022,2.98876150,0.041450,13.641,260.61929,0.56300,1431,5771.00,4.38,361.8570000
32472,TOI-2583 A b,2,1,0,2023,4.52072650,0.057100,14.460,79.45710,0.14400,1456,5936.00,4.18,566.1890000
32474,TOI-2587 A b,2,1,0,2023,5.45664000,0.063500,12.072,69.28659,0.21600,1445,5760.00,4.02,373.6750000
32477,TOI-269 b,1,1,0,2021,3.69771040,0.034500,2.770,8.80000,2.28000,531,3514.00,4.83,57.0225000
32481,TOI-270 b,1,3,0,2019,3.36015380,0.031970,1.206,1.58000,4.97000,581,3506.00,4.87,22.4793000
32482,TOI-270 c,1,3,0,2019,5.66057310,0.045260,2.355,6.15000,2.60000,488,3506.00,4.87,22.4793000
32485,TOI-270 d,1,3,0,2019,11.37957300,0.072100,2.133,4.78000,2.72000,387,3506.00,4.87,22.4793000
32490,TOI-2796 b,1,1,0,2023,4.80849830,0.056900,17.262,139.84450,0.15000,1205,5764.00,4.40,350.3430000
32492,TOI-2803 A b,2,1,0,2023,1.96229325,0.031850,18.114,309.88270,0.28700,1893,6280.00,4.30,494.8180000
32494,TOI-2818 b,1,1,0,2023,4.03970900,0.049300,15.278,225.65817,0.34000,1376,5721.00,4.25,312.6740000
32496,TOI-2842 b,1,1,0,2023,3.55140580,0.047500,12.845,117.59651,0.30400,1471,5910.00,4.29,460.9950000
32501,TOI-3023 b,1,1,0,2023,3.90149710,0.050500,16.432,197.05361,0.24500,1596,5760.00,4.05,389.9160000
32503,TOI-3235 b,1,1,0,2023,2.59261842,0.027090,11.400,211.35589,0.78000,604,3388.80,4.90,72.8110000
32505,TOI-3331 A b,2,1,0,2022,2.01802310,0.031440,12.980,721.47048,1.82000,1488,5609.00,4.49,217.1930000
32508,TOI-3364 b,1,1,0,2023,5.87689180,0.067500,12.229,530.77344,1.60000,1264,5706.00,4.21,277.8990000
32512,TOI-3629 b,1,1,0,2022,3.93655100,0.043000,8.295,82.63539,0.80000,690,3870.00,4.67,130.0910000
32515,TOI-3688 A b,2,1,0,2023,3.24607500,0.045600,13.081,311.47184,0.76000,1534,5950.00,4.29,396.3780000
32516,TOI-3693 b,1,1,0,2022,9.08851600,0.081300,12.599,324.18498,0.89000,801,5321.00,4.58,176.4360000
32519,TOI-3714 b,2,1,0,2022,2.15484900,0.027000,11.321,222.47988,0.85000,750,3660.00,4.75,112.7100000
32520,TOI-3757 b,1,1,0,2022,3.43875300,0.038450,12.000,85.30000,0.27000,759,3913.00,4.68,181.1390000
32523,TOI-3807 b,1,1,0,2023,2.89897270,0.042100,18.495,330.54154,0.28900,1646,5772.00,4.17,421.7450000
32524,TOI-3819 b,1,1,0,2023,3.24431410,0.046110,13.137,352.78953,0.85000,1633,5859.00,4.16,558.1410000
32526,TOI-3884 b,1,1,0,2022,4.54456970,0.035400,6.000,16.50000,0.42400,463,3269.00,4.92,43.1448000
32528,TOI-3912 b,1,1,0,2023,3.49362640,0.046300,14.280,129.03833,0.24300,1512,5725.00,4.19,465.9920000
32531,TOI-3976 A b,2,1,0,2023,6.60766200,0.074300,12.274,55.61997,0.16500,1295,5975.00,4.18,516.0870000
32532,TOI-4087 b,1,1,0,2023,3.17748350,0.044690,13.047,232.01474,0.57000,1458,6060.00,4.42,301.6760000
32538,TOI-4137 b,1,1,0,2022,3.80161220,0.052220,13.574,457.67291,1.01000,1570,6202.00,4.24,334.9930000
32540,TOI-4145 A b,2,1,0,2023,4.06644280,0.048230,13.305,136.66622,0.32000,1074,5281.00,4.53,205.3870000
32542,TOI-421 b,2,2,0,2020,5.19672000,0.056000,2.680,7.17000,2.05000,981,5325.00,4.49,74.7969000
32544,TOI-421 c,2,2,0,2020,16.06819000,0.118900,5.090,16.42000,0.68500,674,5325.00,4.49,74.7969000
32547,TOI-431 b,1,3,0,2021,0.49004700,0.011300,1.280,3.07000,8.00000,1862,4850.00,4.60,32.5686000
32550,TOI-431 d,1,3,0,2021,12.46103000,0.098000,3.290,9.90000,1.36000,633,4850.00,4.60,32.5686000
32558,TOI-4463 A b,2,1,0,2023,2.88071980,0.040360,13.260,252.35576,0.59500,1395,5640.00,4.41,173.1170000
32568,TOI-4562 b,1,1,0,2023,225.11781000,0.768000,12.530,732.00000,2.06000,318,6096.00,4.39,339.6050000
32571,TOI-4603 b,1,1,0,2023,7.24599000,0.088800,11.680,4096.80817,14.10000,1677,6264.00,3.81,225.6430000
32574,TOI-4791 b,1,1,0,2023,4.28088000,0.055500,12.442,734.18362,2.09000,1472,6058.00,4.23,328.8020000
32578,TOI-500 b,1,4,0,2022,0.54817700,0.011890,1.166,1.42000,4.89000,1617,4440.00,4.62,47.3924000
32591,TOI-5205 b,1,1,0,2023,1.63075700,0.019900,11.600,343.00000,1.21000,737,3430.00,4.84,86.4493000
32595,TOI-530 b,1,1,0,2021,6.38759700,0.052000,9.303,127.13136,0.93000,565,3659.00,4.70,148.7620000
32596,TOI-532 b,1,1,0,2021,2.32665080,0.029600,5.820,61.50000,1.72000,867,3927.00,4.67,135.0470000
32605,TOI-5542 b,1,1,0,2022,75.12375000,0.332000,11.310,419.53350,1.60000,441,5700.00,4.20,348.8490000
32608,TOI-558 b,1,1,0,2021,14.57407100,0.129100,12.173,1147.36055,3.50000,1061,6466.00,4.22,402.6300000
32610,TOI-559 b,1,1,0,2021,6.98390950,0.072300,12.229,1910.14873,5.74000,1180,5925.00,4.27,233.2660000
32612,TOI-561 b,1,4,0,2020,0.44656880,0.010600,1.425,2.00000,3.80000,2310,5372.00,4.50,85.7990000
32613,TOI-561 b,1,4,0,2020,0.44657300,0.010640,1.450,3.20000,5.50000,2480,5326.00,4.50,85.7990000
32616,TOI-561 c,1,4,0,2020,10.77883100,0.088400,2.910,5.39000,1.20000,800,5372.00,4.50,85.7990000
32617,TOI-561 c,1,4,0,2020,10.77892000,0.088800,2.900,7.00000,1.60000,860,5326.00,4.50,85.7990000
32623,TOI-561 d,1,4,0,2020,25.71240000,0.158000,2.820,13.20000,3.20000,598,5372.00,4.50,85.7990000
32625,TOI-561 e,1,4,0,2020,77.03000000,0.328000,2.550,12.60000,4.20000,415,5372.00,4.50,85.7990000
32627,TOI-564 b,1,1,0,2020,1.65114400,0.027340,11.433,464.98529,1.70000,1714,5640.00,4.36,199.5810000
32631,TOI-628 b,1,1,0,2021,3.40956750,0.048600,11.882,2011.86390,6.58000,1586,6250.00,4.30,178.6800000
32634,TOI-640 b,1,1,0,2021,5.00377750,0.066080,19.851,279.69040,0.19500,1749,6460.00,3.99,341.9970000
32636,TOI-674 b,1,1,0,2021,1.97714300,0.025000,5.250,23.60000,0.91000,635,3514.00,4.81,46.0851000
32660,TOI-763 b,1,2,0,2020,5.60570000,0.060000,2.280,9.79000,4.51000,1038,5450.00,4.45,95.1274000
32662,TOI-763 c,1,2,0,2020,12.27370000,0.101100,2.630,9.32000,2.82000,800,5450.00,4.45,95.1274000
32665,TOI-776 b,1,2,0,2020,8.24661000,0.065200,1.850,4.00000,3.40000,514,3709.00,4.73,27.1701000
32667,TOI-776 c,1,2,0,2020,15.66530000,0.100000,2.020,5.30000,3.50000,415,3709.00,4.73,27.1701000
32671,TOI-824 b,1,1,0,2020,1.39297800,0.021770,2.926,18.46700,4.03000,1253,4600.00,4.61,63.9262000
32675,TOI-836 b,1,2,0,2023,3.81673000,0.042200,1.704,4.53000,5.02000,871,4552.00,4.74,27.5024000
32678,TOI-836 c,1,2,0,2023,8.59545000,0.075000,2.587,9.60000,3.06000,665,4552.00,4.74,27.5024000
32687,TOI-905 b,1,1,0,2020,3.73949400,0.046660,13.126,211.99261,0.51500,1192,5570.00,4.50,158.6490000
32696,TOI-954 b,1,1,0,2020,3.68497290,0.049630,9.550,55.30242,0.35000,1526,5710.00,3.96,238.7680000
32699,TOI-969 b,1,2,0,2022,1.82373050,0.026360,2.765,9.10000,2.34000,941,4435.00,4.55,77.2554000
32754,TrES-1 b,2,1,0,2004,3.03006500,0.039250,11.960,238.99800,0.76900,1140,5230.00,4.57,159.6580000
32755,TrES-1 b,2,1,0,2004,3.03007280,0.039460,12.319,241.86863,0.76200,1147,5226.00,4.56,159.6580000
32765,TrES-2 b,2,1,0,2006,2.47061320,0.036700,13.955,457.67520,2.42000,1472,5850.00,4.43,215.3200000
32769,TrES-2 b,2,1,0,2006,2.47061010,0.036350,14.135,398.24099,0.83100,1467,5795.00,4.46,215.3200000
32774,TrES-2 b,2,1,0,2006,2.47061317,0.036700,13.978,380.44251,0.80000,1470,5850.00,4.43,215.3200000
32777,TrES-2 b,2,1,0,2006,2.47061323,0.035670,13.372,383.30298,0.88400,1466,5850.00,4.47,215.3200000
32793,TrES-3 b,1,1,0,2007,1.30618700,0.022760,14.684,603.55917,1.05000,1638,5650.00,4.57,231.3370000
32801,TrES-3 b,1,1,0,2007,1.30618640,0.022830,14.628,607.05530,1.14380,1630,5650.00,4.58,231.3370000
32805,TrES-3 b,1,1,0,2007,1.30619000,0.022720,14.706,615.95454,1.06500,1623,5650.00,4.58,231.3370000
32807,TrES-4 b,2,1,0,2007,3.55392680,0.050200,19.448,285.09351,0.21400,1805,6200.00,4.04,515.9800000
32812,TrES-4 b,2,1,0,2007,3.55392771,0.051600,20.602,157.00802,0.09900,1795,6295.00,4.09,515.9800000
32814,TrES-4 b,2,1,0,2007,3.55394500,0.049650,20.288,278.73691,0.19700,1861,6200.00,3.98,515.9800000
32816,TrES-4 b,2,1,0,2007,3.55394500,0.050920,19.627,292.40360,0.21300,1785,6200.00,4.06,515.9800000
32817,TrES-4 b,2,1,0,2007,3.55392460,0.050840,19.123,291.45011,0.23000,1778,6200.00,4.06,515.9800000
32821,TrES-5 b,1,1,0,2011,1.48224686,0.024590,13.384,568.91570,1.31000,1480,5171.00,4.52,360.3130000
32850,WASP-1 b,2,1,0,2007,2.51994640,0.039200,16.735,311.47340,0.36575,1830,6213.00,4.21,393.0720000
32851,WASP-1 b,2,1,0,2007,2.51994529,0.038890,16.242,268.88418,0.34609,1812,6110.00,4.19,393.0720000
32860,WASP-1 b,2,1,0,2007,2.51996100,0.038980,16.634,273.33380,0.34979,1800,6110.00,4.21,393.0720000
32866,WASP-10 b,1,1,0,2008,3.09276160,0.037800,11.960,1004.34280,3.46000,972,4675.00,4.62,140.9980000
32876,WASP-100 b,2,1,0,2014,2.84937500,0.045700,18.940,645.17000,0.53000,2190,6900.00,4.04,364.4110000
32885,WASP-101 b,1,1,0,2014,3.58572200,0.050600,15.800,158.91000,0.24000,1560,6400.00,4.34,201.2240000
32889,WASP-103 b,1,1,0,2014,0.92554200,0.019850,17.127,473.54700,0.55000,2508,6110.00,4.22,375.6470000
32895,WASP-104 b,2,1,0,2014,1.75541370,0.029180,12.745,404.26300,1.07400,1516,5475.00,4.50,185.9320000
32900,WASP-105 b,1,1,0,2017,7.87288000,0.075000,10.761,572.09400,2.65000,900,5070.00,4.20,169.2720000
32906,WASP-106 b,1,1,0,2014,9.28971500,0.091700,12.162,611.79700,1.86000,1140,6055.00,4.23,352.1810000
32913,WASP-107 b,1,2,0,2017,5.72149000,0.055000,10.536,38.13960,0.19000,770,4430.00,4.50,64.7414000
32918,WASP-11 b,3,1,0,2008,3.72246500,0.043000,10.200,168.44990,0.92000,960,4800.00,4.45,124.7300000
32921,WASP-11 b,3,1,0,2008,3.72247967,0.043750,11.097,156.37236,0.63200,992,4900.00,4.57,124.7300000
32931,WASP-113 b,1,1,0,2016,4.54216875,0.058850,15.793,150.96925,0.22800,1496,5890.00,4.20,435.1560000
32935,WASP-114 b,2,1,0,2016,1.54877430,0.028510,15.009,562.24127,0.97000,2043,5940.00,4.30,523.3370000
32938,WASP-117 b,1,1,0,2014,10.02165000,0.094590,11.444,87.55850,0.34450,1001,6038.00,4.28,157.9630000
32946,WASP-118 b,1,1,0,2016,4.04604350,0.054530,16.141,163.36462,0.23300,1729,6410.00,4.10,376.6580000
32952,WASP-119 b,1,1,0,2016,2.49979000,0.036300,15.693,390.93090,0.70000,1600,5650.00,4.26,302.4480000
32959,WASP-12 b,3,1,0,2008,1.09142030,0.023400,21.297,467.21010,0.26600,2580,6360.00,4.16,427.2460000
32966,WASP-12 b,3,1,0,2008,1.09142220,0.023090,20.456,454.49690,0.29300,2523,6250.00,4.16,427.2460000
32969,WASP-12 b,3,1,0,2008,1.09142119,0.023500,20.849,638.83830,0.43400,2483,6300.00,4.38,427.2460000
32974,WASP-120 b,1,1,0,2016,3.61127060,0.051400,16.511,1541.47550,2.00000,1880,6450.00,4.04,381.1740000
32980,WASP-121 b,1,1,0,2016,1.27492550,0.025440,20.905,375.99289,0.24300,2358,6459.00,4.24,269.8980000
32986,WASP-123 b,2,1,0,2016,2.97764120,0.042630,14.773,285.72917,0.52100,1520,5740.00,4.29,197.9960000
32990,WASP-124 b,1,1,0,2016,3.37265000,0.044900,13.899,190.69800,0.43000,1400,6050.00,4.44,448.6370000
32993,WASP-126 b,1,2,0,2016,3.28880000,0.044900,10.761,88.99240,0.41000,1480,5800.00,4.28,216.5260000
33001,WASP-127 b,2,1,0,2016,4.17806200,0.052000,15.356,57.20940,0.09000,1400,5620.00,4.18,159.5070000
33004,WASP-129 b,2,1,0,2016,5.74814500,0.062800,10.424,317.83000,1.60000,1100,5900.00,4.53,301.4620000
33009,WASP-13 b,1,1,0,2009,4.35301100,0.055700,17.127,162.72896,0.17800,1531,5826.00,4.09,227.5370000
33016,WASP-130 b,1,1,0,2016,11.55098000,0.101200,9.976,390.93090,2.34000,833,5625.00,4.49,172.2560000
33019,WASP-131 b,1,1,0,2016,5.32202300,0.060700,13.675,85.81410,0.20000,1460,6030.00,4.09,200.0750000
33026,WASP-132 b,1,2,0,2016,7.13352100,0.067000,9.752,130.31030,0.84000,763,4775.00,4.61,122.9100000
33032,WASP-133 b,1,1,0,2016,2.17642300,0.034500,13.563,368.68280,0.88000,1790,5700.00,4.18,559.0840000
33041,WASP-136 b,1,1,0,2016,5.21535700,0.066100,15.468,479.92330,0.77300,1742,6260.00,3.90,275.5870000
33043,WASP-138 b,1,1,0,2016,3.63443300,0.049400,12.218,387.75260,1.20000,1590,6272.00,4.25,414.2340000
33046,WASP-139 b,2,1,0,2016,5.92426200,0.062000,8.967,37.18611,0.31000,910,5310.00,4.59,212.4720000
33054,WASP-14 b,3,1,0,2008,2.24376610,0.037200,18.304,2510.85700,2.25000,2090,6475.00,4.13,161.9970000
33059,WASP-14 b,3,1,0,2008,2.24376550,0.037000,13.899,2412.32970,4.96000,1872,6475.00,4.31,161.9970000
33062,WASP-140 b,2,1,0,2016,2.23598350,0.032300,16.141,775.50520,1.10000,1320,5260.00,4.51,117.5980000
33064,WASP-141 b,1,1,0,2016,3.31065100,0.046900,13.563,854.96270,1.98000,1540,5900.00,4.26,516.5430000
33069,WASP-142 b,1,1,0,2016,2.05286800,0.034700,17.150,266.97720,0.31000,2000,6010.00,4.13,730.9330000
33072,WASP-144 b,1,1,0,2018,2.27831520,0.031600,9.528,139.84520,0.95000,1260,5200.00,4.53,355.5130000
33077,WASP-145 A b,2,1,0,2018,1.76903810,0.026100,10.088,282.86870,1.60000,1200,4900.00,4.65,91.2990000
33083,WASP-148 b,1,2,0,2020,8.80381000,0.084500,8.093,92.48853,0.96000,940,5460.00,4.40,246.3530000
33095,WASP-15 b,1,1,0,2009,3.75209748,0.051650,15.782,188.15536,0.26300,1676,6405.00,4.19,282.0910000
33102,WASP-150 b,1,1,0,2020,5.64420700,0.069400,11.994,2688.84180,8.54000,1460,6218.00,4.15,527.9950000
33103,WASP-151 b,1,1,0,2017,4.53347100,0.055000,12.666,98.52730,0.29000,1290,5871.00,4.35,453.0990000
33108,WASP-153 b,1,1,0,2017,3.33260900,0.048000,17.374,123.95370,0.15000,1700,5914.00,4.10,610.1760000
33113,WASP-156 b,1,1,0,2017,3.83616900,0.045300,5.717,40.68224,1.30000,970,4910.00,4.60,122.0660000
33121,WASP-157 b,1,1,0,2016,3.95162050,0.052900,11.938,182.43442,0.64000,1339,5838.00,4.50,334.0370000
33124,WASP-158 b,1,1,0,2018,3.65633300,0.051700,11.994,886.74570,3.10000,1590,6350.00,4.30,524.9930000
33126,WASP-159 b,1,1,0,2018,3.84040100,0.053800,15.468,174.80650,0.28000,1850,6120.00,3.94,715.3830000
33130,WASP-16 b,1,1,0,2009,3.11860680,0.041500,13.653,264.43456,0.57200,1389,5630.00,4.36,194.1340000
33143,WASP-161 b,1,1,0,2018,5.40604250,0.067300,12.812,791.39670,2.20000,1557,6400.00,4.11,343.0800000
33149,WASP-162 b,1,1,0,2018,9.62468000,0.087100,11.209,1652.71600,6.90000,910,5300.00,4.33,310.8410000
33150,WASP-163 b,1,1,0,2018,1.60968840,0.026600,13.473,594.34210,1.42000,1638,5500.00,4.41,261.3860000
33160,WASP-166 b,1,1,0,2019,5.44354000,0.064100,7.062,32.10083,0.54000,1270,6050.00,4.34,114.1730000
33166,WASP-168 b,2,1,0,2018,4.15365800,0.051900,16.814,133.48860,0.16000,1340,6000.00,4.37,303.9410000
33172,WASP-169 b,1,1,0,2019,5.61141180,0.068100,14.617,178.30263,0.33000,1604,6110.00,3.96,627.0660000
33173,WASP-17 b,1,1,0,2009,3.73543800,0.051500,22.317,154.46538,0.08170,1771,6650.00,4.16,405.9080000
33188,WASP-170 b,1,1,0,2018,2.34478022,0.033700,12.285,508.52800,1.60000,1422,5600.00,4.47,305.6030000
33189,WASP-171 b,1,1,0,2019,3.81862440,0.050400,10.985,344.52772,1.50000,1642,5965.00,4.08,757.8400000
33192,WASP-172 b,1,1,0,2018,5.47743300,0.069400,17.598,149.38010,0.16000,1740,6900.00,4.05,538.1100000
33195,WASP-173 A b,2,1,0,2018,1.38665290,0.025080,14.404,1102.87010,2.02000,1842,5767.00,4.39,232.9800000
33198,WASP-173 A b,2,1,0,2018,1.38665318,0.024800,13.451,1172.79270,2.84000,1880,5800.00,4.37,232.9800000
33201,WASP-174 b,1,1,0,2018,4.23370050,0.055030,16.107,104.88337,0.13500,1528,6399.00,4.27,410.1490000
33205,WASP-175 b,1,1,0,2019,3.06529070,0.044030,13.540,314.65170,0.74000,1571,6229.00,4.36,539.3600000
33207,WASP-176 b,1,1,0,2020,3.89905200,0.053500,16.870,271.74465,0.31000,1721,5941.00,4.00,568.4200000
33210,WASP-177 b,1,1,0,2019,3.07172200,0.039570,17.710,161.45764,0.17200,1142,5017.00,4.49,176.8180000
33211,WASP-178 b,1,1,0,2019,3.34484120,0.054500,21.745,448.14030,0.23800,2402,8640.00,4.21,427.6780000
33213,WASP-178 b,1,1,0,2019,3.34482850,0.055800,20.288,527.59780,0.37000,2470,9360.00,4.31,427.6780000
33215,WASP-18 b,2,2,0,2009,0.94145223,0.020240,13.899,3241.84975,6.60000,2429,6432.00,4.31,123.4830000
33218,WASP-18 b,2,2,0,2009,0.94145181,0.020340,12.980,3270.47070,8.83000,2392,6400.00,4.36,123.4830000
33220,WASP-18 b,2,2,0,2009,0.94145181,0.020430,13.036,3299.07540,8.22000,2413,6455.00,4.37,123.4830000
33232,WASP-180 A b,2,1,0,2019,3.40926400,0.048000,13.899,286.04700,0.61000,1540,6600.00,4.42,253.9850000
33236,WASP-181 b,1,1,0,2019,4.51950640,0.054270,13.271,95.03117,0.23700,1186,5839.00,4.49,437.4950000
33241,WASP-182 b,1,1,0,2019,3.37698480,0.045100,9.528,47.03884,0.31800,1479,5638.00,4.22,327.6020000
33242,WASP-183 b,1,1,0,2019,4.11177710,0.046320,16.477,159.55066,0.21000,1111,5313.00,4.45,325.3770000
33246,WASP-184 b,1,1,0,2019,5.18170000,0.062700,14.908,181.16310,0.32000,1480,6000.00,4.09,663.2310000
33248,WASP-185 b,1,1,0,2019,9.38755000,0.090400,14.011,311.47340,0.66000,1160,5900.00,4.13,279.3500000
33256,WASP-189 b,1,1,0,2020,2.72403300,0.050530,18.147,632.47853,0.62199,3353,8000.00,3.90,99.7310000
33262,WASP-19 b,1,1,0,2009,0.78883899,0.016340,15.603,339.76027,0.49200,2520,5568.00,4.45,268.3250000
33265,WASP-19 b,1,1,0,2009,0.78883852,0.016520,15.861,366.77398,0.50600,2113,5616.00,4.42,268.3250000
33266,WASP-19 b,1,1,0,2009,0.78883942,0.016160,15.637,354.06262,0.51100,2067,5440.00,4.39,268.3250000
33276,WASP-192 b,1,1,0,2019,2.87867650,0.040800,13.787,731.00900,1.62000,1620,5910.00,4.24,508.8850000
33281,WASP-2 b,2,1,0,2007,2.15222600,0.031380,12.005,290.80200,0.92000,1304,5200.00,4.54,153.2420000
33283,WASP-2 b,2,1,0,2007,2.15222144,0.030920,11.915,279.69040,0.91100,1286,5170.00,4.54,153.2420000
33286,WASP-2 b,2,1,0,2007,2.15217500,0.031440,12.117,295.89973,0.91400,1311,5180.00,4.51,153.2420000
33287,WASP-2 b,2,1,0,2007,2.15222144,0.030330,11.691,269.20201,0.99400,1281,5150.00,4.53,153.2420000
33289,WASP-2 b,2,1,0,2007,2.15222144,0.030330,11.691,269.20201,0.99400,1281,5150.00,4.53,153.2420000
33297,WASP-20 b,2,1,0,2015,4.89962840,0.060000,16.388,98.84100,0.13200,1379,5940.00,4.23,211.8770000
33305,WASP-21 b,1,1,0,2010,4.32250600,0.051600,14.157,93.75985,0.18200,1340,5800.00,4.28,258.4260000
33309,WASP-22 b,1,1,0,2010,3.53273064,0.048900,13.440,196.10111,0.44400,1502,6153.00,4.34,317.6520000
33315,WASP-22 b,1,1,0,2010,3.53269000,0.046800,12.554,177.98480,0.53000,1430,6000.00,4.37,317.6520000
33326,WASP-24 b,3,1,0,2010,2.34122170,0.036350,14.605,352.47347,0.62200,1772,6107.00,4.27,322.1140000
33334,WASP-25 b,1,1,0,2010,3.76483270,0.048190,13.978,190.06234,0.38200,1210,5736.00,4.53,211.4160000
33341,WASP-26 b,2,1,0,2010,2.75659720,0.039660,13.630,324.18660,0.70300,1650,6015.00,4.26,252.7590000
33344,WASP-26 b,2,1,0,2010,2.75660000,0.040000,14.796,324.18498,0.58353,1660,5950.00,4.30,252.7590000
33354,WASP-28 b,1,1,0,2014,3.40883000,0.044690,13.597,288.26000,0.67600,1468,6150.00,4.37,348.4940000
33367,WASP-3 b,3,1,0,2007,1.84683730,0.031850,15.872,645.19490,0.89000,2020,6400.00,4.27,231.1610000
33371,WASP-3 b,3,1,0,2007,1.84683500,0.031870,16.298,654.72980,0.89000,2028,6400.00,4.26,231.1610000
33374,WASP-3 b,3,1,0,2007,1.84683400,0.031700,14.684,559.38080,1.03000,1960,6400.00,4.25,231.1610000
33401,WASP-33 b,2,1,0,2010,1.21987016,0.025900,18.820,1042.48240,0.86000,2723,7430.00,4.30,121.9440000
33416,WASP-36 b,2,1,0,2011,1.53736423,0.026430,14.359,726.55938,1.35300,1724,5880.00,4.50,386.3460000
33421,WASP-36 b,2,1,0,2011,1.53736596,0.026770,14.874,750.39663,1.26000,1733,5959.00,4.49,386.3460000
33444,WASP-39 b,1,1,0,2011,4.05529410,0.048280,14.336,89.31023,0.16700,1166,5485.00,4.45,213.9820000
33448,WASP-4 b,1,1,0,2007,1.33823144,0.023180,15.289,396.96967,0.61200,1673,5540.00,4.49,267.2060000
33449,WASP-4 b,1,1,0,2007,1.33823150,0.023290,15.368,409.68287,0.66500,1662,5500.00,4.49,267.2060000
33458,WASP-4 b,1,1,0,2007,1.33823150,0.023070,15.211,393.15571,0.65835,1661,5500.00,4.49,267.2060000
33465,WASP-41 b,1,2,0,2012,3.05240400,0.040000,13.227,298.76020,0.74000,1244,5545.00,4.53,163.3710000
33466,WASP-41 b,1,2,0,2012,3.05240154,0.041000,13.204,310.51991,0.74200,1242,5546.00,4.54,163.3710000
33472,WASP-42 b,1,1,0,2012,4.98168190,0.056100,12.576,167.49641,0.46400,1021,5315.00,4.51,177.2910000
33487,WASP-43 b,1,1,0,2011,0.81347398,0.015040,11.276,635.02434,2.43000,1427,4500.00,4.50,86.7467000
33492,WASP-44 b,1,1,0,2011,2.42380400,0.034530,12.330,276.51210,0.81100,1337,5420.00,4.49,364.5120000
33493,WASP-44 b,1,1,0,2011,2.42381200,0.034430,10.985,275.55861,1.14000,1304,5410.00,4.48,364.5120000
33504,WASP-45 b,2,1,0,2011,3.12608900,0.039630,10.604,306.38812,1.41800,1153,5150.00,4.50,211.1960000
33505,WASP-45 b,2,1,0,2011,3.12609600,0.040500,11.119,318.46566,1.27500,1170,5100.00,4.47,211.1960000
33507,WASP-46 b,1,1,0,2011,1.43036763,0.023350,13.159,607.05530,1.46700,1636,5600.00,4.49,375.3100000
33552,WASP-48 b,1,1,0,2011,2.14363544,0.033200,15.650,288.00000,0.41500,1956,6000.00,4.10,454.1440000
33554,WASP-48 b,1,1,0,2011,2.14363592,0.034400,18.719,312.74472,0.26300,2035,5920.00,4.03,454.1440000
33561,WASP-49 b,2,1,0,2012,2.78173620,0.038730,13.428,126.81417,0.28800,1400,5600.00,4.50,194.5530000
33567,WASP-5 b,1,1,0,2008,1.62842790,0.026700,12.184,502.15000,1.64000,1706,5700.00,4.39,309.1370000
33568,WASP-5 b,1,1,0,2008,1.62842960,0.026830,12.218,502.15000,1.62000,1753,5880.00,4.40,309.1370000
33571,WASP-5 b,1,1,0,2008,1.62842460,0.027400,13.171,506.93885,1.22000,1753,5770.00,4.38,309.1370000
33572,WASP-5 b,1,1,0,2008,1.62842460,0.027140,13.047,497.40395,1.32000,1732,5700.00,4.38,309.1370000
33575,WASP-5 b,1,1,0,2008,1.62842460,0.027290,13.126,520.28771,1.36000,1732,5700.00,4.38,309.1370000
33589,WASP-52 b,1,1,0,2012,1.74977980,0.027200,14.240,146.20000,0.29000,1315,5000.00,4.58,174.8180000
33596,WASP-53 b,1,2,0,2017,3.30984430,0.041010,12.038,677.61356,2.28000,1053,4953.00,4.55,201.3380000
33602,WASP-54 b,2,1,0,2012,3.69364110,0.049870,18.528,202.13100,0.18800,1759,6100.00,4.00,251.3030000
33613,WASP-55 b,2,1,0,2012,4.46562910,0.055800,14.964,199.27941,0.32900,1300,6070.00,4.42,297.4620000
33618,WASP-56 b,2,1,0,2012,4.61710100,0.054580,12.240,181.47300,0.58300,1216,5600.00,4.35,321.0840000
33621,WASP-57 b,1,1,0,2012,2.83897100,0.038600,10.267,213.57300,1.16100,1251,5600.00,4.57,398.2760000
33626,WASP-57 b,1,1,0,2012,2.83891856,0.037690,11.769,204.68252,0.69300,1338,5600.00,4.45,398.2760000
33631,WASP-58 b,2,1,0,2012,5.01718000,0.056100,15.360,282.86000,0.45000,1270,5800.00,4.27,290.4040000
33635,WASP-59 b,1,1,0,2012,7.91958500,0.069700,8.687,274.27600,2.40000,670,4650.00,4.72,115.9360000
33638,WASP-6 b,1,1,0,2009,3.36100208,0.041400,13.787,154.14755,0.32500,1184,5375.00,4.49,197.1190000
33647,WASP-60 b,1,1,0,2012,4.30500110,0.053100,9.640,163.35800,1.10000,1320,5900.00,4.35,431.0520000
33651,WASP-60 b,1,1,0,2012,4.30500400,0.055480,13.731,177.98480,0.37800,1479,6105.00,4.24,431.0520000
33657,WASP-61 b,1,1,0,2012,3.85589800,0.052100,13.563,654.72980,1.55000,1624,6250.00,4.26,488.6600000
33667,WASP-62 b,1,1,0,2012,4.41194000,0.057100,15.020,184.34140,0.32000,1475,6230.00,4.32,175.6310000
33677,WASP-64 b,2,1,0,2012,1.57329180,0.026480,14.247,403.94500,0.82300,1689,5400.00,4.39,369.9260000
33686,WASP-65 b,1,1,0,2013,2.31142430,0.033400,12.464,492.62000,1.50000,1480,5600.00,4.40,273.7030000
33701,WASP-68 b,2,1,0,2014,5.08429800,0.062060,13.900,301.93000,0.66500,1490,5911.00,4.09,226.3990000
33707,WASP-69 b,1,1,0,2014,3.86813820,0.045250,9.113,82.63200,0.29100,963,4715.00,4.54,49.9605000
33709,WASP-7 b,1,1,0,2008,4.95464160,0.061700,14.908,305.11680,0.55000,1487,6400.00,4.23,162.3030000
33712,WASP-7 b,1,1,0,2008,4.95464160,0.062400,15.401,311.47340,0.46900,1530,6520.00,4.22,162.3030000
33715,WASP-7 b,1,1,0,2008,4.95465800,0.061800,10.256,305.11680,1.67000,1379,6400.00,4.36,162.3030000
33718,WASP-7 b,1,1,0,2008,4.95464160,0.061900,15.278,305.11680,0.47300,1502,6400.00,4.21,162.3030000
33720,WASP-70 A b,2,1,0,2014,3.71302030,0.048530,13.047,187.51200,0.49900,1387,5763.00,4.31,222.3550000
33723,WASP-71 b,1,1,0,2012,2.90367470,0.046190,16.370,712.54500,0.94000,2049,6059.00,3.92,362.7150000
33729,WASP-72 b,1,1,0,2012,2.21674210,0.037080,14.240,491.37630,0.96000,2210,6250.00,3.99,434.7540000
33739,WASP-73 b,1,1,0,2014,4.08722000,0.055120,13.002,597.50000,1.59600,1790,6036.00,3.93,316.6780000
33743,WASP-74 b,1,1,0,2015,2.13774450,0.034430,15.737,262.52758,0.36970,1926,5984.00,4.14,149.2160000
33744,WASP-74 b,1,1,0,2015,2.13775000,0.037000,17.486,301.93850,0.33000,1910,5970.00,4.18,149.2160000
33752,WASP-75 b,2,1,0,2013,2.48419300,0.037500,14.235,340.06000,0.69000,1710,6100.00,4.29,294.0010000
33760,WASP-76 b,2,1,0,2016,1.80988600,0.033000,20.512,292.40360,0.20100,2160,6250.00,4.13,194.4590000
33763,WASP-77 A b,2,1,0,2012,1.36002854,0.023350,13.787,529.81995,1.11500,1715,5617.00,4.48,105.1660000
33767,WASP-77 A b,2,1,0,2012,1.36003060,0.023960,13.563,559.38080,1.23400,1674,5500.00,4.33,105.1660000
33775,WASP-78 b,1,1,0,2012,2.17517300,0.036700,23.091,273.33380,0.13100,2470,6100.00,3.84,754.2580000
33778,WASP-78 b,1,1,0,2012,2.17517632,0.036200,19.055,282.85700,0.24000,2350,6100.00,3.88,754.2580000
33785,WASP-79 b,1,1,0,2012,3.66238660,0.053500,23.430,286.03000,0.13000,1900,6600.00,4.06,246.6900000
33786,WASP-79 b,1,1,0,2012,3.66239200,0.051900,17.150,270.15550,0.31800,1716,6600.00,4.23,246.6900000
33796,WASP-80 b,1,1,0,2012,3.06785234,0.034400,11.198,170.99254,0.71700,825,4143.00,4.66,49.7876000
33807,WASP-81 b,1,1,0,2017,2.71647620,0.039080,16.018,231.69807,0.33200,1623,5870.00,4.26,398.5050000
33811,WASP-82 b,1,1,0,2015,2.70578500,0.044800,19.170,397.27000,0.33000,2200,6480.00,3.96,275.6640000
33812,WASP-82 b,1,1,0,2015,2.70578200,0.044700,18.719,394.10920,0.35400,2190,6490.00,3.97,275.6640000
33814,WASP-83 b,1,1,0,2015,4.97125200,0.059000,11.657,95.34900,0.35000,1120,5510.00,4.44,271.1030000
33820,WASP-84 b,1,1,0,2014,8.52348650,0.077100,10.559,220.56500,1.10400,797,5314.00,4.40,100.5880000
33821,WASP-84 b,1,1,0,2014,8.52349620,0.077500,10.940,218.34921,0.98300,833,5280.00,4.60,100.5880000
33837,WASP-88 b,1,1,0,2014,4.95400000,0.064310,19.055,177.98000,0.14600,1772,6431.00,3.96,523.7560000
33843,WASP-89 b,1,1,0,2015,3.35642270,0.042700,11.657,1875.19700,7.00000,1120,5130.00,4.51,290.9460000
33845,WASP-90 b,1,1,0,2016,3.91624300,0.056200,18.271,200.23290,0.19300,1840,6430.00,4.03,466.4330000
33848,WASP-91 b,1,1,0,2017,2.79858100,0.037000,11.545,425.89220,1.59000,1160,4920.00,4.30,149.9420000
33851,WASP-92 b,1,1,0,2016,2.17467420,0.034800,16.376,255.85315,0.34600,1871,6280.00,4.26,575.8890000
33857,WASP-93 b,1,1,0,2016,2.73253210,0.042110,17.901,467.21010,0.47900,1942,6700.00,4.20,370.2840000
33867,WASP-94 A b,2,2,0,2014,3.95019070,0.055000,19.280,143.65300,0.11800,1604,6153.00,4.18,211.2110000
33870,WASP-95 b,1,1,0,2014,2.18467300,0.034160,13.560,359.13000,1.13000,1570,5630.00,4.38,137.5440000
33877,WASP-96 b,1,1,0,2014,3.42526020,0.045300,13.450,152.55000,0.37000,1285,5540.00,4.42,352.4640000
33884,WASP-97 b,1,1,0,2014,2.07276000,0.033030,12.670,419.52000,1.21000,1555,5640.00,4.43,151.0680000
33890,WASP-98 b,2,1,0,2014,2.96264000,0.036000,12.330,263.79000,0.84000,1180,5525.00,4.58,281.7420000
33892,WASP-98 b,2,1,0,2014,2.96264036,0.037620,12.823,293.03926,0.76400,1171,5473.00,4.61,281.7420000
33896,WASP-99 b,1,1,0,2014,5.75251000,0.071700,12.330,883.53000,2.79000,1480,6180.00,4.12,158.6600000
33906,WTS-1 b,1,1,0,2012,3.35205700,0.047000,16.700,1274.44000,1.61000,1500,6250.00,4.40,2346.0100000
33921,Wolf 503 b,1,1,0,2018,6.00127000,0.057060,2.043,6.26000,2.92000,790,4716.00,4.62,44.5260000
33925,XO-1 b,1,1,0,2006,3.94151280,0.049440,13.518,293.67492,0.70000,1210,5750.00,4.51,163.5530000
33940,XO-2 N b,2,3,0,2007,2.61586400,0.036160,11.030,188.47319,0.77406,1328,5340.00,4.44,154.2730000
33942,XO-2 N b,2,3,0,2007,2.61586400,0.036470,11.119,176.39565,0.75677,1328,5340.00,4.44,154.2730000
33955,XO-3 b,1,1,0,2007,3.19152890,0.045290,13.989,3759.92890,8.09000,1729,6429.00,4.22,213.0530000
33970,XO-4 b,1,1,0,2008,4.12502000,0.054750,14.460,483.41943,0.94430,1630,6397.00,4.18,272.6550000
33975,XO-4 b,1,1,0,2008,4.12508280,0.054740,14.426,491.68301,0.90000,1630,6397.00,4.18,272.6550000
33977,XO-5 b,1,1,0,2008,4.18775580,0.051500,12.780,378.20000,1.06000,1230,5430.00,4.35,276.2110000
33981,XO-5 b,1,1,0,2008,4.18775700,0.049400,12.207,344.52772,1.12000,1203,5370.00,4.34,276.2110000
33983,XO-5 b,1,1,0,2008,4.18773200,0.050800,12.890,365.50450,1.02000,1244,5510.00,4.52,276.2110000
33990,XO-6 b,1,1,0,2016,3.76500070,0.081500,23.203,1398.45200,0.62000,1577,6720.00,4.04,235.4790000
33993,XO-7 b,1,1,0,2019,2.86414240,0.044210,15.390,225.34147,0.34000,1743,6250.00,4.25,234.1490000
34068,pi Men c,1,3,0,2018,6.26834000,0.067020,2.060,4.52000,2.82000,1147,5870.00,4.36,18.2702000
34070,pi Men c,1,3,0,2018,6.26790000,0.068390,2.042,4.82000,2.97000,1170,6037.00,4.42,18.2702000