pl_hostname,pl_letter,pl_discmethod,pl_orbper,pl_orbsmax,pl_orbeccen,pl_massj,pl_dens,pl_orbincl,pl_ttvflag,ra,dec,st_dist,st_vj,st_teff,st_mass,st_rad,hd_name,hip_name,pl_rade
WASP-79,b,Transit,3.6623866,0.0535,0,0.9,2.7797,83.3,,66.370903,-30.600445,240,,6600,1.38,1.53,,,23.427
TrES-4,b,Transit,3.553945,0.05091,0,0.919,0.209,82.86,,268.304407,37.211769,492,11.592,6200,1.4,1.85,,,20.165
WASP-12,b,Transit,1.091423,0.0229,0.049,1.41,0.24,83.1,,97.63664,29.672291,,,6300,1.35,1.57,,,20.1
HAT-P-32,b,Transit,2.150008,0.0343,0,0.86,0.19,88.9,,31.042848,46.687836,283,,6207,1.16,1.22,,,20.053
WASP-17,b,Transit,3.7354417,0.051,0.129,0.49,0.122,87.8,,239.962306,-28.061733,400,,6550,1.2,1.38,,,19.5
HAT-P-40,b,Transit,4.457243,0.0608,0,0.615,0.15,88.3,,335.512848,45.457378,501,,6080,1.51,2.21,,,19.392
WASP-78,b,Transit,2.17517632,0.0362,0,0.89,0.2394,83.2,,63.756241,-22.116434,550,,6100,1.17,1.6,,,19.055
Kepler-12,b,Transit,4.4379637,0.0556,0.01,0.431,0.111,88.76,0,286.243425,50.040382,600,,5947,1.17,1.48,,,18.999
HAT-P-33,b,Transit,3.474474,0.0499,0,0.762,0.2,87.2,,113.184212,33.835052,387,,6446,1.38,1.64,,,18.898
HAT-P-41,b,Transit,2.694047,0.0426,0,0.8,0.2,87.7,,297.322662,4.672421,344,,6390,1.42,1.68,,,18.887
WASP-48,b,Transit,2.143634,0.03444,0,0.98,0.279,80.09,,291.16233,55.47316,,,5920,1.19,1.75,,,18.719
OGLE2-TR-L9,b,Transit,2.4855335,0.0308,,4.5,,79.8,,166.979921,-61.146263,,,6933,1.52,1.53,,,18.046
HAT-P-39,b,Transit,3.54387,0.0509,0,0.599,0.19,87,,113.758247,17.830082,642,,6430,1.4,1.62,,,17.609
WASP-31,b,Transit,3.4059096,0.04659,0,0.478,0.172,84.41,,169.439021,-19.054773,360,,6302,1.16,1.25,,,17.363
HAT-P-8,b,Transit,3.0763402,0.0487,0,1.52,0.568,87.5,,343.041067,35.447109,230,,6200,1.28,1.58,,,16.8
WASP-33,b,Transit,1.2198669,0.02555,,4.1,,87.67,,36.712746,37.550484,116.14,8.142,7430,1.5,1.44,HD 15082,HIP 11397,16.78
CoRoT-1,b,Transit,1.5089557,0.0254,0,1.03,0.38,85.1,,102.079885,-3.102147,,,5950,0.95,1.11,,,16.701
Kepler-7,b,Transit,4.885525,0.06224,0,0.433,0.166,86.5,0,288.581518,41.089806,,,5933,1.35,1.84,,,16.567
CoRoT-2,b,Transit,1.7429964,0.0281,0,3.31,1.31,87.84,,291.777056,1.383714,,,5625,0.97,0.9,,,16.421
CoRoT-12,b,Transit,2.828042,0.04016,0.07,0.917,0.309,85.48,,100.765677,-1.296439,1150,,5675,1.08,1.12,,,16.141
Kepler-5,b,Transit,3.54846,0.05064,0.024,2.114,0.894,86.3,0,299.407009,44.035046,,,6297,1.37,1.79,,,16.04
WASP-63,b,Transit,4.37809,0.0574,0.22,0.38,0.173,87.8,,94.336433,-38.323257,330,,5570,1.32,1.88,,,16.029
CoRoT-11,b,Transit,2.99433,0.0436,0,2.33,0.99,83.17,,280.687263,5.937688,560,,6440,1.27,1.37,,,16.029
WASP-15,b,Transit,3.7520656,0.0499,0,0.542,0.247,85.5,,208.927939,-32.159607,,,6300,1.18,1.48,,,16.01
Kepler-8,b,Transit,3.52254,0.0483,0,0.603,0.261,84.07,0,281.288118,42.45108,1330,,6213,1.21,1.49,,,15.906
WASP-4,b,Transit,1.33823187,0.02312,0,1.237,0.774,88.8,,353.562841,-42.061428,300,,5500,0.93,0.91,,,15.838
HAT-P-9,b,Transit,3.92289,0.053,0,0.78,0.35,86.5,,110.168529,37.140652,480,,6350,1.28,1.32,,,15.7
WASP-67,b,Transit,4.61442,0.0517,0.2,0.42,0.213,85.8,,295.743835,-19.949596,225,,5240,0.87,0.87,,,15.693
WASP-62,b,Transit,4.411953,0.0567,0.21,0.57,0.279,88.3,,87.139961,-63.988434,160,,6280,1.25,1.28,,,15.581
WASP-66,b,Transit,4.086052,0.0546,0.11,2.32,1.144,85.9,,158.22496,-34.989845,380,,6580,1.3,1.75,,,15.581
WASP-13,b,Transit,4.353011,0.05362,0,0.477,0.222,85.19,,140.102976,33.882439,155,,5826,1.09,1.56,,,15.569
WASP-19,b,Transit,0.78884,0.01655,0.0046,1.168,0.583,79.4,,148.417002,-45.659191,250,,5500,0.97,0.99,,,15.536
CoRoT-5,b,Transit,4.0378962,0.04947,0.09,0.467,0.217,85.83,,101.277254,0.815239,,,6100,1,1.19,,,15.5
HD 209458,b,Radial Velocity,3.52474859,0.04747,0,0.714,0.362,86.59,,330.794891,18.884319,47.08,7.632,6065,1.15,1.16,HD 209458,HIP 108859,15.468
OGLE-TR-56,b,Transit,1.21191096,0.01942,0,1.39,0.68,73.72,,269.147958,-29.539222,,15.3,6050,1.23,1.36,,,15.446
HAT-P-23,b,Transit,1.212884,0.0232,0.106,2.09,1.01,85.1,,306.123854,16.762152,393,,5905,1.13,1.2,,,15.334
HAT-P-7,b,Transit,2.2047304,0.032,0.039,1.776,0.876,80.8,0,292.24731,47.969513,320,,6350,1.47,1.84,,,15.278
OGLE-TR-211,b,Transit,3.67724,0.051,0,1.03,,87.2,,160.059951,-62.455601,,,6325,1.33,1.64,,,15.244
XO-4,b,Transit,4.12502,0.0555,0,1.72,,88.7,,110.388223,58.268108,293,,6397,1.32,1.56,,,15.02
HAT-P-30,b,Transit,2.810595,0.0419,0.035,0.711,0.37,83.6,,123.949894,5.836719,193,,6304,1.24,1.22,,,15.02
TrES-3,b,Transit,1.30618581,0.02282,0,1.91,0.994,81.85,,268.029292,37.546139,228,12.402,5650,0.93,0.83,,,14.975
HAT-P-35,b,Transit,3.646706,0.0498,0.025,1.054,0.55,87.3,,123.250764,4.787023,535,,6096,1.24,1.43,,,14.93
HAT-P-4,b,Transit,3.0565114,0.04438,0,0.68,0.403,89.67,,229.991355,36.22962,314,11.118,5860,1.26,1.6,,,14.93
HAT-P-6,b,Transit,3.853003,0.05237,0,1.059,0.559,85.51,,354.774222,42.465973,261,,6570,1.29,1.46,,,14.91
WASP-7,b,Transit,4.954658,0.0618,0,0.96,0.545,89.6,,311.042609,-39.225273,140,,6400,1.28,1.43,HD 197286,,14.908
Kepler-6,b,Transit,3.234723,0.04567,0,0.669,0.352,86.8,0,296.837254,48.239964,,,5647,1.21,1.39,,,14.83
WASP-35,b,Transit,3.161575,0.04317,0,0.72,0.426,87.96,,76.081782,-6.229821,,,5990,1.07,1.09,,,14.796
Kepler-17,b,Transit,1.4857108,0.02591,0.011,2.45,1.35,87.2,1,298.395274,47.815006,,,5630,1.06,1.02,,,14.706
CoRoT-18,b,Transit,1.9000693,0.0295,0.08,3.47,2.2,86.5,,98.17241,-0.031586,870,,5440,0.95,1,,,14.684
WASP-46,b,Transit,1.43037,0.02448,0,2.101,1.25,82.63,,318.736981,-55.87178,,,5620,0.96,0.92,,,14.684
HATS-1,b,Transit,3.446459,0.0444,0.12,1.855,1.03,85.6,,175.52533,-23.354836,303,,5870,0.99,1.04,,,14.594
WASP-55,b,Transit,4.465633,0.0533,0.2,0.57,0.346,89.2,,203.758118,-17.503464,330,,5960,1.01,1.06,,,14.572
WASP-24,b,Transit,2.34121242,0.03651,0,1.071,0.648,83.64,,227.215586,2.343304,,,6075,1.18,1.33,,,14.571
WASP-3,b,Transit,1.846835,0.03151,0,1.76,1.037,84.93,,278.631793,35.661533,220,,6400,1.24,1.31,,,14.5
CoRoT-19,b,Transit,3.89713,0.0518,0.047,1.11,0.71,88,,97.033582,-0.170681,770,,6090,1.21,1.65,,,14.46
HAT-P-16,b,Transit,2.77596,0.0413,0.036,4.193,2.42,86.6,,9.573181,42.463078,235,,6158,1.22,1.24,,,14.448
KELT-2A,b,Transit,4.1137912,0.05496,0,1.522,,88.6,,92.663948,30.957144,124.22,8.713,6210,1.22,1.73,HD 42176,HIP 29301,14.415
Kepler-30,c,Transit,60.3251,0.3,,9.1,,,1,285.283636,38.947281,1400,,5498,0.99,0.95,,,14.4
WASP-14,b,Transit,2.243752,0.036,0.091,7.341,4.656,84.32,,218.276477,21.894714,160,,6475,1.21,1.31,,,14.36
WASP-26,b,Transit,2.7566004,0.03985,0,1.028,0.649,82.91,,4.602897,-15.267305,250,,5939,1.11,1.3,,,14.359
WASP-36,b,Transit,1.5373653,0.02643,0,2.303,1.458,83.61,,131.580405,-8.026946,450,,5959,1.04,0.95,,,14.359
HAT-P-13,b,Transit,2.91626,0.0427,0.021,0.851,0.498,83.4,,129.882536,47.352051,214,,5653,1.22,1.56,,,14.258
TrES-2,b,Transit,2.47063,0.03556,0,1.199,0.77,83.62,0,286.808477,49.316407,213,11.411,5850,0.98,1,,,14.258
WASP-39,b,Transit,4.055259,0.0486,0,0.28,0.186,87.83,,217.326702,-3.444534,230,,5400,0.93,0.89,,,14.235
HAT-P-36,b,Transit,1.327347,0.0238,0.063,1.832,1.12,86,,188.266255,44.915352,317,,5560,1.02,1.1,,,14.168
HAT-P-5,b,Transit,2.788491,0.04075,0,1.06,0.67,86.75,,274.405476,36.62141,342,,5960,1.16,1.14,,,14.034
OGLE-TR-10,b,Transit,3.101278,0.0434,,0.62,0.4,90,,267.867708,-29.876361,,14.93,5950,1.14,1.17,,,14.011
HAT-P-24,b,Transit,3.35524,0.0465,0.067,0.685,0.44,88.6,,108.825058,14.262599,396,,6373,1.19,1.32,,,13.922
WASP-61,b,Transit,3.8559,0.0514,0.26,2.06,1.423,89.35,,75.29966,-26.054144,480,,6320,1.22,1.36,,,13.899
Kepler-44,b,Transit,3.24674,0.0455,0.021,1.02,0.65,83.78,0,300.102352,45.762142,2250,,5757,1.19,1.52,,,13.899
HAT-P-1,b,Transit,4.4652934,0.05531,0,0.524,0.345,86.28,,344.445104,38.674953,155,10.34,5975,1.13,1.12,,,13.73
WASP-6,b,Transit,3.361006,0.0421,0.054,0.503,0.359,88.47,,348.157246,-22.673937,,,5450,0.88,0.87,,,13.72
Kepler-39,b,Transit,21.0874,0.155,0.121,18,12.4,88.83,0,296.96027,46.034302,1200,,6260,1.1,1.39,,,13.675
WASP-34,b,Transit,4.3176782,0.0524,0.038,0.59,0.452,85.2,,165.399561,-23.860636,120,,5700,1.01,0.93,,,13.675
WASP-25,b,Transit,3.764825,0.0473,0,0.58,0.422,88,,195.359879,-27.5222,,,5703,1,0.92,,,13.675
XO-3,b,Transit,3.1915239,0.0454,0.26,11.79,8.1,84.2,,65.469581,57.817181,174,,6429,1.21,1.38,,,13.641
HAT-P-28,b,Transit,3.257215,0.0434,0.051,0.626,0.44,88,,13.000766,34.728413,395,,5680,1.02,1.1,,,13.585
XO-1,b,Transit,3.94150685,0.049,0,0.92,0.64,88.8,,240.549334,28.169564,172,11.19,5750,1.03,0.94,,,13.563
TrES-5,b,Transit,1.4822446,0.02446,0,1.778,1.25,84.529,,305.221841,59.448788,360,,5171,0.89,0.87,,,13.552
Kepler-43,b,Transit,3.024095,0.0449,0.025,3.23,2.33,84.35,0,285.240856,46.668255,1950,,6041,1.32,1.42,,,13.451
WASP-41,b,Transit,3.052401,0.0402,0,0.92,0.665,87.7,,190.618736,-30.63987,180,,5450,0.93,0.9,,,13.451
OGLE-TR-132,b,Transit,1.689868,0.03035,,1.18,0.85,83.4,,162.644667,-61.957194,2500,15.72,6210,1.3,1.32,,,13.451
HAT-P-34,b,Transit,5.452654,0.0677,0.441,3.328,2.4,87.1,,303.195342,18.104868,257,,6442,1.39,1.53,HD 351766,,13.417
CoRoT-4,b,Transit,9.20205,0.09,0,0.72,0.525,90,,102.194663,-0.672774,,,6190,1.16,1.17,,,13.339
HAT-P-25,b,Transit,3.652836,0.0466,0.032,0.567,0.42,87.6,,48.435419,25.197405,297,,5500,1.01,0.96,,,13.339
WASP-32,b,Transit,2.718659,0.0394,0.018,3.6,2.926,85.3,,3.961682,1.200451,,,6100,1.1,1.11,,,13.227
HAT-P-37,b,Transit,2.797436,0.0379,0.058,1.169,0.89,86.9,,284.296064,51.269138,411,,5500,0.93,0.88,,,13.204
Kepler-40,b,Transit,6.87349,0.08,0,2.2,1.68,89.7,0,296.81369,47.526608,2700,,6510,1.48,2.13,,,13.115
CoRoT-16,b,Transit,5.35227,0.0618,0.33,0.535,0.44,85.01,,278.524689,-6.002595,840,,5650,1.1,1.19,,,13.114
WASP-5,b,Transit,1.62843142,0.02702,0,1.568,1.224,85.58,,359.348991,-41.277149,300,,5700,1,1.08,,,13.081
CoRoT-6,b,Transit,8.886593,0.0855,0.1,2.96,2.32,89.07,,281.072525,6.663194,,,6090,1.05,1.02,,,13.068
WASP-18,b,Transit,0.94145299,0.02026,0.0092,10.43,8.78,86,,24.354311,-45.677887,105.49,9.303,6400,1.28,1.23,HD 10069,HIP 7562,13.059
Qatar-1,b,Transit,1.420033,0.02343,0,1.09,0.918,83.47,,303.381672,65.162041,,,4861,0.85,0.82,,,13.047
WASP-37,b,Transit,3.577469,0.0446,0,1.8,1.53,88.82,,221.943987,1.064966,343,,5800,0.93,1,,,13.002
WASP-45,b,Transit,3.1260876,0.04054,0,1.007,0.851,84.47,,5.237497,-35.99826,,,5140,0.91,0.94,,,13.002
WASP-22,b,Transit,3.5327313,0.04698,0,0.588,0.503,88.26,,52.818043,-23.819702,300,,5958,1.11,1.22,,,12.98
HAT-P-2,b,Transit,5.6334729,0.06878,0.5171,9.09,7.29,86.72,,245.151489,41.048084,135.32,8.689,6450,1.29,1.75,HD 147506,HIP 80076,12.97
WASP-50,b,Transit,1.9550959,0.02945,0.009,1.468,1.274,84.74,,43.688073,-10.89808,230,,5400,0.89,0.84,,,12.924
HD 189733,b,Radial Velocity,2.21857578,0.03142,0,1.15,1.004,85.78,,300.182129,22.710854,19.25,7.676,5040,0.84,0.75,HD 189733,HIP 98505,12.902
HAT-P-14,b,Transit,4.627669,0.0606,0.107,2.232,1.82,83.5,,260.116169,38.242165,205,,6600,1.39,1.47,,,12.89
WASP-47,b,Transit,4.1591399,0.052,0.11,1.14,0.984,89.2,,331.203033,-12.018885,200,,5350,1.08,1.15,,,12.89
Qatar-2,b,Transit,1.3371182,0.02149,0,2.487,2.208,88.3,,207.655866,-6.804028,,,4645,0.74,0.71,,,12.823
WASP-44,b,Transit,2.4238039,0.03473,0,0.889,0.811,86.02,,3.903165,-11.938115,,,5410,0.95,0.93,,,12.778
HAT-P-19,b,Transit,4.008778,0.0466,0.067,0.292,,88.2,,9.516742,34.711575,215,,4990,0.84,0.82,,,12.689
OGLE-TR-182,b,Transit,3.9791,0.051,0,1.01,,85.7,,167.327963,-61.095257,,,5924,1.14,1.14,,,12.666
SWEEPS-11,b,Transit,1.796,0.03,,9.7,,,,269.758333,-29.198194,8500,,,1.1,1.45,,,12.666
WASP-28,b,Transit,3.408821,0.0455,0.046,0.91,,89.1,,353.616152,-1.580064,,,,,,,,12.554
WASP-2,b,Transit,2.152226,0.03138,0,0.914,0.87,84.8,,307.725542,6.429536,147,11.98,5200,0.89,0.84,,,12.52
WASP-49,b,Transit,2.7817387,0.0379,0,0.378,0.363,84.89,,91.089424,-16.965294,170,,5600,0.94,0.98,,,12.498
BOKS-1,b,Transit,3.90512,0.0477,0,,,89.8,0,294.865505,46.285854,800,,5545,0.95,0.86,,,12.442
KELT-1,b,Transit,1.217514,0.02466,0.0099,27.23,24.7,87.8,,0.362142,39.383808,262,,6518,1.32,1.46,,,12.442
XO-5,b,Transit,4.187757,0.0488,,1.059,0.96,86.7,,116.716527,39.094578,260,,5370,0.88,1.08,,,12.431
HAT-P-29,b,Transit,5.723186,0.0667,0.095,0.778,0.71,87.1,,33.131142,51.778759,322,,6087,1.21,1.22,,,12.408
WASP-38,b,Transit,6.871815,0.07522,0.0314,2.691,2.74,88.69,,243.959845,10.032566,110,,6150,1.2,1.33,HD 146389,,12.263
OGLE-TR-113,b,Transit,1.4324752,0.02289,,1.26,1.2,87.8,,163.101667,-61.446806,600,14.42,4790,0.78,0.77,,,12.251
HD 17156,b,Radial Velocity,21.21663,0.1614,0.6819,3.191,3.78,86.89,,42.435364,71.753235,78.25,8.162,6100,1.27,1.5,HD 17156,HIP 13192,12.184
WASP-42,b,Transit,4.9816872,0.0548,0.06,0.5,0.528,88.25,,192.981552,-42.073608,160,,5200,0.88,0.86,,,12.106
HAT-P-22,b,Transit,3.21222,0.0414,0.016,2.147,2.11,86.9,,155.681719,50.128345,82,,5302,0.92,1.04,HD 233731,,12.106
HAT-P-15,b,Transit,10.863502,0.0964,0.19,1.946,1.96,89.1,,66.248026,39.460636,190,,5568,1.01,1.08,,,12.016
HAT-P-31,b,Transit,5.005425,0.055,0.245,2.171,2.18,87.1,,271.537705,26.426662,354,,6065,1.22,1.36,,,11.994
WASP-21,b,Transit,4.322482,0.052,0,0.3,0.319,88.75,,347.492721,18.396086,242,,5800,1.01,1.06,,,11.994
TrES-1,b,Transit,3.030065,0.03925,0,0.752,0.769,90,,286.041017,36.632649,152.3,11.79,5230,0.88,0.81,,,11.96
OGLE-TR-111,b,Transit,4.0161,0.04689,,0.55,0.59,88.25,,163.324625,-61.405639,,15.55,5040,0.85,0.83,,,11.781
CoRoT-23,b,Transit,3.6313,0.048,0.16,2.8,,85.7,,279.782615,4.357806,600,,5900,1.14,1.61,,,11.77
CoRoT-9,b,Transit,95.2738,0.407,0.11,0.84,0.9,89.99,,280.786712,6.204172,460,,5625,0.99,0.94,,,11.769
HAT-P-27,b,Transit,3.039586,0.0403,0.078,0.66,0.73,84.7,,222.767436,5.947368,204,,5300,0.94,0.9,,,11.635
WASP-8,b,Transit,8.158715,0.0801,0.31,2.244,,88.55,,359.900292,-35.031391,87,,5600,1.03,0.94,,,11.63
WASP-10,b,Transit,3.0927616,0.03781,,3.15,3.91,89.5,,348.992912,31.462852,90,,4675,0.75,0.7,,,11.545
HAT-P-21,b,Transit,4.124481,0.0494,0.228,4.063,4.68,87.2,,171.274955,41.027954,254,,5588,0.95,1.11,,,11.478
CoRoT-17,b,Transit,3.7681,0.0461,0,2.43,2.82,88.34,,278.699254,-6.612234,920,,5740,1.04,1.59,,,11.433
HAT-P-17,b,Transit,10.338523,0.0882,0.346,0.53,0.64,89.2,,324.536396,30.488716,90,,5246,0.86,0.84,,,11.321
CoRoT-3,b,Transit,4.2568,0.057,0,21.66,26.4,85.9,,292.055263,0.12182,680,,6740,1.37,1.56,,,11.321
WASP-16,b,Transit,3.1186009,0.0421,0,0.855,1.104,85.22,,214.683032,-20.275484,,,5700,1.02,0.95,,,11.3
WASP-11/HAT-P-10,b,Transit,3.7224747,0.0435,0,0.487,0.594,88.6,,47.368964,30.673594,121.7,,4980,0.83,0.79,,,11.265
XO-2,b,Transit,2.615864,0.0368,,0.565,,,,117.026951,50.225815,148,11.18,5340,0.97,0.98,,,11.164
HAT-P-18,b,Transit,5.508023,0.0559,0.084,0.197,0.25,88.8,,256.346473,33.012512,166,,4803,0.77,0.75,,,11.153
HD 80606,b,Radial Velocity,111.4357,0.449,0.9332,3.94,4.828,89.32,,140.65654,50.603722,29.04,9.001,5645,0.97,0.98,HD 80606,HIP 45982,10.985
CoRoT-10,b,Transit,13.2406,0.1055,0.53,2.75,3.7,88.55,,291.063708,0.746143,345,,5075,0.89,0.79,,,10.873
WASP-23,b,Transit,2.9444256,0.0376,0.062,0.884,,88.39,,101.127586,-42.761826,,,5150,0.78,0.76,,,10.783
Kepler-15,b,Transit,4.942782,0.05714,0.06,0.66,0.93,87.44,0,296.200595,49.140125,,,5515,1.02,0.99,,,10.761
Kepler-30,d,Transit,143.213,0.5,,17,,,1,285.283636,38.947281,1400,,5498,0.99,0.95,,,10.7
HAT-P-12,b,Transit,3.2130598,0.0384,0,0.21,0.3192,89,,209.389489,43.493534,142.5,,4650,0.73,0.7,,,10.492
WASP-43,b,Transit,0.813475,0.0142,0,1.78,2.939,82.6,,154.908372,-9.806276,80,,4400,0.58,0.6,,,10.424
Lupus-TR-3,b,Transit,3.91405,0.0464,0,0.81,1.4,88.3,,232.577571,-42.979908,2000,,5000,0.87,0.82,,,9.976
Kepler-41,b,Transit,1.855558,0.03,0,0.55,1.1,88.3,0,294.513229,45.981644,770,,5620,1.12,1.02,,,9.976
CoRoT-13,b,Transit,4.03519,0.051,0,1.308,2.34,88.02,,102.721137,-5.086445,1060,,5945,1.09,1.01,,,9.92
HAT-P-20,b,Transit,2.875317,0.0361,0.015,7.246,13.78,86.8,,111.916469,24.33663,70,,4595,0.76,0.69,,,9.718
Kepler-9,b,Transit,19.24,0.14,0.15,0.252,0.524,,1,285.573978,38.400898,650,,5777,1.07,1.02,,,9.438
CoRoT-20,b,Transit,9.2,0.0902,0.562,4.24,,88.21,,97.720408,0.226919,1230,,5880,1.14,1.02,,,9.42
HAT-P-3,b,Transit,2.899736,0.03866,0,0.591,1.29,87.07,,206.09411,48.02867,139,11.577,5185,0.92,0.8,,,9.27
HAT-P-38,b,Transit,4.640382,0.0523,0.067,0.267,0.59,88.3,,,,249,,5330,0.89,0.92,,,9.247
Kepler-9,c,Transit,38.91,0.225,0.13,0.171,0.383,,1,285.573978,38.400898,650,,5777,1.07,1.02,,,9.225
HD 149026,b,Radial Velocity,2.8758911,0.04288,0,0.368,0.85,88,,247.623413,38.347309,78.86,8.137,6160,1.35,1.54,HD 149026,HIP 80838,9.113
SWEEPS-04,b,Transit,4.2,0.055,,3.8,,,,269.724667,-29.189056,8500,,,1.24,1.18,,,9.079
Kepler-46,b,Transit,33.60134,0.1968,0.01,6,14,89.038,1,289.26874,42.604172,855,,5155,0.9,0.94,,,9.057
WASP-29,b,Transit,3.922727,0.0457,0.03,0.244,0.65,88.8,,357.879538,-39.906719,70,,4800,0.82,0.81,,,8.878
Kepler-34,b,Transit,288.822,1.0896,0.182,0.22,0.613,90.355,,296.435821,44.64156,1499,,5913,1.05,1.16,,,8.564
Kepler-16,b,Transit,228.776,0.7048,0.0069,0.333,0.964,90.032,0,289.07571,51.757439,61,,4450,0.69,0.65,,,8.449
Kepler-35,b,Transit,131.458,0.60347,0.042,0.127,0.41,90.76,,294.496978,46.689762,1645,,5606,0.89,1.03,,,8.16
KOI-1727,b,Transit,49.76971,0.2672,0,,,89.2,0,284.27396,41.535019,,,5619,1.03,1.27,,,8.05
Kepler-18,d,Transit,14.85888,0.1172,0,0.0516,0.27,88.07,1,298.079439,44.746326,,,5345,0.97,1.11,,,6.98
CoRoT-8,b,Transit,6.21229,0.063,0,0.22,1.6,88.4,,291.588518,1.426452,380,,5080,0.88,0.77,,,6.389
HAT-P-26,b,Transit,4.234516,0.0479,0.124,0.059,0.4,88.6,,213.156383,4.059997,134,,5079,0.82,0.79,,,6.333
Kepler-18,c,Transit,7.64159,0.0752,0,0.05443,0.59,87.68,1,298.079439,44.746326,,,5345,0.97,1.11,,,5.49
Kepler-33,d,Transit,21.77596,0.1662,0,,,88.71,0,289.077548,46.005222,,,5904,1.29,1.82,,,5.35
Kepler-27,c,Transit,31.3309,0.191,,13.8,,,1,292.236769,41.085876,,,5400,0.65,0.59,,,4.9
HAT-P-11,b,Transit,4.8878162,0.053,0.198,0.081,1.33,88.5,0,297.709351,48.080856,36.36,9.472,4510,0.66,0.88,,HIP 97657,4.73
Kepler-47,c,Transit,303.158,0.989,0.411,,,89.826,,,,,,5636,1.04,0.96,,,4.61
Kepler-11,e,Transit,31.9959,0.194,0,0.026,0.5,88.8,1,297.115123,41.909138,613,,5680,0.95,1.1,,,4.52
Kepler-25,c,Transit,12.7204,0.11,,4.16,,,1,286.638394,39.487892,,,6190,1.22,1.36,,,4.5
Kepler-33,f,Transit,41.02902,0.2535,0,,,89.17,0,289.077548,46.005222,,,5904,1.29,1.82,,,4.46
Kepler-31,b,Transit,20.8609,0.16,,,,,0,294.023014,45.853081,2100,,6340,1.21,1.22,,,4.3
Kepler-31,c,Transit,42.633,0.26,,4.7,,,0,294.023014,45.853081,2100,,6340,1.21,1.22,,,4.2
GJ 3470,b,Transit,3.33714,0.0348,0.051,0.0441,1.07,88.8,,119.774345,15.391492,,12.33,3520,0.46,,,,4.2
Kepler-32,b,Transit,5.90124,0.05,,4.1,,,0,297.842403,46.574272,280,,3900,0.58,0.53,,,4.1
GJ 436,b,Radial Velocity,2.64385,0.0285,0.16,0.0737,2.008,86.36,,175.546219,26.70657,10.23,10.65,3350,0.46,0.45,,HIP 57087,4.091
Kepler-33,e,Transit,31.7844,0.2138,0,,,88.94,1,289.077548,46.005222,,,5904,1.29,1.82,,,4.02
Kepler-4,b,Transit,3.21346,0.0456,0,0.077,1.91,89.76,0,285.615322,50.135754,550,,5857,1.22,1.49,,,4.002
Kepler-27,b,Transit,15.3348,0.118,,9.11,,,1,292.236769,41.085876,,,5400,0.65,0.59,,,4
Kepler-30,b,Transit,29.329,0.18,,0.2,,,1,285.283636,38.947281,1400,,5498,0.99,0.95,,,3.7
Kepler-32,c,Transit,8.7522,0.09,,0.5,,,1,297.842403,46.574272,280,,3900,0.58,0.53,,,3.7
Kepler-36,c,Transit,16.23855,0.1283,0.033,0.0254,0.891,89.98,1,291.25018,49.231834,470,,5911,1.07,1.63,,,3.679
Kepler-11,g,Transit,118.37774,0.462,0,0.944,,89.8,0,297.115123,41.909138,613,,5680,0.95,1.1,,,3.66
Kepler-26,c,Transit,17.2513,0.107,,0.375,,,1,284.940997,46.56654,,,4500,0.65,0.59,,,3.6
Kepler-29,b,Transit,10.3376,0.09,,0.4,,,1,298.348324,47.491226,1400,,5750,1,0.96,,,3.6
Kepler-26,b,Transit,12.2829,0.085,,0.38,,,1,284.940997,46.56654,,,4500,0.65,0.59,,,3.6
Kepler-28,b,Transit,5.9123,0.062,,1.51,,,0,292.137029,42.42942,,,4590,0.75,0.7,,,3.6
Kepler-11,d,Transit,22.68719,0.159,0,0.019,0.9,89.3,1,297.115123,41.909138,613,,5680,0.95,1.1,,,3.43
Kepler-28,c,Transit,8.9858,0.081,,1.36,,,1,292.137029,42.42942,,,4590,0.75,0.7,,,3.4
Kepler-33,c,Transit,13.17562,0.1189,0,,,88.19,0,289.077548,46.005222,,,5904,1.29,1.82,,,3.2
Kepler-23,c,Transit,10.7421,0.099,,2.7,,,1,294.218924,49.479225,800,,5760,1.11,1.52,,,3.2
Kepler-11,c,Transit,13.02502,0.106,0,0.042,2.3,89,0,297.115123,41.909138,613,,5680,0.95,1.1,,,3.15
Kepler-20,c,Transit,10.854092,0.093,0.319,0.05066,2.91,88.39,0,287.698004,42.338726,290,,5455,0.91,0.94,,,3.07
Kepler-47,b,Transit,49.514,0.2956,0.035,,,89.59,,,,,,5636,1.04,0.96,,,2.98
Kepler-29,c,Transit,13.2907,0.11,,0.3,,,0,298.348324,47.491226,1400,,5750,1,0.96,,,2.9
Kepler-20,d,Transit,77.61184,0.3453,0.601,0.06324,4.07,89.57,0,287.698004,42.338726,290,,5455,0.91,0.94,,,2.75
KOI-1725,b,Transit,9.8844,0.0751,0,,,88.42,0,283.62885,48.391003,,,4240,0.58,0.55,,,2.65
Kepler-11,f,Transit,46.68876,0.25,0,0.007,0.7,89.4,0,297.115123,41.909138,613,,5680,0.95,1.1,,,2.61
Kepler-25,b,Transit,6.2385,0.068,,12.7,,,1,286.638394,39.487892,,,6190,1.22,1.36,,,2.6
Kepler-24,c,Transit,12.3335,0.106,,1.6,,,1,290.413267,38.343754,1200,,5800,1.03,1.07,,,2.4
Kepler-24,b,Transit,8.1453,0.08,,1.6,,,1,290.413267,38.343754,1200,,5800,1.03,1.07,,,2.4
Kepler-22,b,Transit,289.8623,0.849,0,,14.7,89.764,0,289.217484,47.884464,190,,5518,0.97,0.98,,,2.38
Kepler-10,c,Transit,42.29485,0.2407,0,0.063,10,89.65,0,285.679394,50.241299,173,,5627,0.89,1.06,,,2.227
Kepler-18,b,Transit,3.504725,0.0447,0,0.0217,4.9,84.92,0,298.079439,44.746326,,,5345,0.97,1.11,,,2
55 Cnc,e,Transit,0.7365449,0.01583,,0.027,5.9,90,,133.149216,28.330818,12.53,5.938,5196,0.9,0.94,HD 75732,HIP 43587,2
Kepler-11,b,Transit,10.30375,0.091,0,0.014,3.1,88.5,0,297.115123,41.909138,613,,5680,0.95,1.1,,,1.97
Kepler-20,b,Transit,3.6961219,0.04537,0.396,0.0274,6.5,86.5,0,287.698004,42.338726,290,,5455,0.91,0.94,,,1.91
Kepler-23,b,Transit,7.1073,0.075,,0.8,,,0,294.218924,49.479225,800,,5760,1.11,1.52,,,1.9
Kepler-33,b,Transit,5.66793,0.0677,0,,,86.39,0,289.077548,46.005222,,,5904,1.29,1.82,,,1.74
CoRoT-7,b,Transit,0.853585,0.0172,0,0.015,5.6,80.1,,100.956125,-1.063033,150,,5275,0.93,0.87,,,1.68
Kepler-9,d,Transit,1.592851,0.0273,,,,,0,285.573978,38.400898,650,,5777,1.07,1.02,,,1.64
Kepler-21,b,Transit,2.785755,0.042507,0,0.03272,12.9,82.58,0,287.361816,38.714016,107.88,8.25,6131,1.34,1.86,HD 179070,HIP 94112,1.635
Kepler-36,b,Transit,13.83989,0.1153,0.039,0.014,7.46,90.01,,291.25018,49.231834,470,,5911,1.07,1.63,,,1.486
Kepler-10,b,Transit,0.837495,0.01684,0,0.014,8.8,84.4,1,285.679394,50.241299,173,,5627,0.89,1.06,,,1.416
Kepler-42,b,Transit,1.2137672,0.0116,,,,,0,292.218983,44.619339,38.7,,3068,0.13,0.17,,,0.78
Kepler-42,c,Transit,0.45328509,0.006,,,,,0,292.218983,44.619339,38.7,,3068,0.13,0.17,,,0.73
Kepler-42,d,Transit,1.865169,0.0154,,,,,0,292.218983,44.619339,38.7,,3068,0.13,0.17,,,0.57
HIP 5158,c,Radial Velocity,9017.8,7.7,0.14,15.04,,,,16.508533,-22.453154,44.8,10.167,4650,0.69,0.71,,HIP 5158,
HD 142,c,Radial Velocity,6005,6.8,0.21,5.3,,,,1.579898,-49.075191,25.64,5.7,6403,1.23,1.47,HD 142,HIP 522,
nu Oph,c,Radial Velocity,3186,6.1,0.165,27,,,,269.756622,-9.773632,46.84,3.34,4928,3.04,15.1,HD 163917,HIP 88048,
HD 134987,c,Radial Velocity,5000,5.8,0.12,0.82,,,,228.369446,-25.309347,25.65,6.45,5560,0.94,1.33,HD 134987,HIP 74500,
55 Cnc,d,Radial Velocity,5218,5.77,0.025,3.835,,,,133.149216,28.330818,12.53,5.938,5196,0.9,0.94,HD 75732,HIP 43587,
HD 99492,c,Radial Velocity,4970,5.4,0.1,0.36,,,,171.692825,3.006328,17.99,6.14,5280,0.83,1.23,HD 99492,HIP 55848,
NN Ser (ab),c,Eclipse Timing Variations,5660,5.38,,6.91,,,,238.233871,12.912411,,,,,,,,
HD 217107,c,Radial Velocity,4210,5.27,0.517,2.49,,,,344.564758,-2.395385,19.72,6.16,5440,0.89,1.23,HD 217107,HIP 113421,
ups And,e,Radial Velocity,3848.86,5.24558,0.00536,1.059,,,,24.199345,41.40546,13.47,4.1,6120,1.19,1.62,HD 9826,HIP 7513,
HD 160691,c,Radial Velocity,4205.8,5.235,0.0985,1.814,,,,266.036255,-51.834053,15.28,5.15,5560,0.94,1.44,HD 160691,HIP 86796,
HD 13931,b,Radial Velocity,4218,5.15,0.02,1.88,,,,34.197414,43.772995,45.52,7.597,5740,1.04,1.28,HD 13931,HIP 10626,
HD 7449,c,Radial Velocity,4046,4.96,0.53,2,,,,18.622173,-5.047387,38.52,7.483,5910,1.11,1.06,HD 7449,HIP 5806,
HD 220773,b,Radial Velocity,3724.7,4.94,0.51,1.45,,,,351.614349,8.643845,48.43,7.096,5840,1.09,1.64,HD 220773,HIP 115697,
HD 187123,c,Radial Velocity,3810,4.89,0.252,1.99,,,,296.742126,34.419525,47.92,7.832,5700,1,1.23,HD 187123,HIP 97336,
HD 106270,b,Radial Velocity,2890,4.3,0.402,11,,,,183.40535,-9.513381,87.87,7.577,5430,0.89,2.87,HD 106270,HIP 59625,
HD 183263,c,Radial Velocity,2950,4.25,0.253,3.82,,,,292.102386,8.358054,52.83,7.861,5710,1.02,1.33,HD 183263,HIP 95740,
HD 125612,d,Radial Velocity,3008,4.2,0.28,7.2,,,,215.222977,-17.481522,52.83,8.317,5840,1.09,1.02,HD 125612,HIP 70123,
HD 154345,b,Radial Velocity,3342,4.19,0.044,0.947,,,,255.651688,47.081882,18.06,6.769,5430,0.89,0.86,HD 154345,HIP 83389,
HD 72659,b,Radial Velocity,3177.4,4.16,0.2,2.96,,,,128.51329,-1.568217,51.36,7.465,5850,1.09,1.46,HD 72659,HIP 42030,
HD 190360,b,Radial Velocity,2891,3.92,0.36,1.502,,,,300.905853,29.896805,15.89,5.7,5500,0.91,1.19,HD 190360,HIP 98767,
omicron UMa,b,Radial Velocity,1630,3.9,0.13,4.1,,,,127.566124,60.71817,56.31,3.36,5242,3.09,14.1,HD 71369,HIP 41704,
HD 30177,b,Radial Velocity,2819.654,3.86,0.3,9.17,,,,70.476555,-58.020756,54.71,8.374,5260,0.83,1.35,HD 30177,HIP 21850,
HD 50499,b,Radial Velocity,2582.7,3.86,0.23,1.71,,,,103.008438,-33.915562,47.26,7.195,5820,1.07,1.54,HD 50499,HIP 32970,
HD 74156,c,Radial Velocity,2476,3.85,0.43,8.03,,,,130.604675,4.578097,64.56,7.614,5960,1.12,1.64,HD 74156,HIP 42723,
HD 117207,b,Radial Velocity,2597,3.79,0.144,1.88,,,,202.337967,-35.570995,33.01,7.247,5450,0.89,1.25,HD 117207,HIP 65808,
HD 38529,c,Radial Velocity,2174.3,3.68,0.36,12.7,,,,86.64547,1.168193,42.43,5.95,5330,,3.09,HD 38529,HIP 27253,
47 Uma,c,Radial Velocity,2391,3.6,0.098,0.54,,,,164.866562,40.430256,14.08,5.05,5882,1.08,1.23,HD 95128,HIP 53721,
HD 169830,c,Radial Velocity,2102,3.6,0.33,4.04,,,,276.956177,-29.816866,36.32,5.902,6260,1.24,1.81,HD 169830,HIP 90485,
HD 87883,b,Radial Velocity,2754,3.6,0.53,1.78,,,,152.179749,34.24226,18.06,7.551,4870,0.73,0.82,HD 87883,HIP 49699,
GJ 832,b,Radial Velocity,3507,3.46,0.08,0.62,,,,323.391571,-49.009006,4.94,8.66,3657,0.45,0.48,HD 204961,HIP 106440,
HD 10180,h,Radial Velocity,2222,3.4,0.08,0.20263,,,,24.473234,-60.511528,39.39,7.321,5790,1.06,1.23,HD 10180,HIP 7599,
HD 43848,b,Radial Velocity,2371,3.4,0.69,25,,,,94.130676,-40.53186,37.05,8.595,4910,0.74,1.01,HD 43848,HIP 29804,
HD 215456,c,Radial Velocity,2277,3.394,0.19,0.246,,,,341.533478,-48.978821,38.64,6.629,5760,1.05,1.68,HD 215456,HIP 112414,
NN Ser (ab),d,Eclipse Timing Variations,2830,3.39,,2.28,,,,238.233871,12.912411,,,,,,,,
eps Eridani,b,Radial Velocity,2502,3.39,0.702,1.55,,30.1,,53.232685,-9.458262,3.22,3.73,,0.83,,HD 22049,HIP 16537,
NY Vir,b,Eclipse Timing Variations,2900,3.3,,2.3,,,,204.700623,-2.030315,,,,,,,,
HD 70642,b,Radial Velocity,2231,3.3,0.1,2,,,,125.367233,-39.70541,28.76,7.18,5530,,1.08,HD 70642,HIP 40952,
HD 39091,b,Radial Velocity,2063.818,3.29,0.62,10.35,,,,84.291214,-80.469124,18.21,5.65,5890,1.11,1.18,HD 39091,HIP 26394,
HD 89307,b,Radial Velocity,2157,3.27,0.241,1.78,,,,154.588699,12.621108,30.88,7.009,5930,1.11,1.05,HD 89307,HIP 50473,
HD 152079,b,Radial Velocity,2097,3.2,0.6,3,,,,253.373901,-46.332958,85.18,9.156,5410,0.88,1.36,HD 152079,HIP 82632,
HD 219415,b,Radial Velocity,2093.3,3.2,0.4,1,,,,348.724274,56.730328,,,4820,1,2.9,HD 219415,,
HD 37124,c,Radial Velocity,2295,3.19,0.2,0.683,,,,84.260361,20.730787,33.24,7.65,5580,0.94,0.98,HD 37124,HIP 26381,
HD 66428,b,Radial Velocity,1973,3.18,0.465,2.82,,,,120.869438,-1.162709,55.04,8.258,5530,0.93,1.25,HD 66428,HIP 39417,
HD 131664,b,Radial Velocity,1951,3.17,0.638,18.15,,,,225.025314,-73.535339,57.21,8.128,5590,0.95,1.35,HD 131664,HIP 73408,
HD 11964,b,Radial Velocity,1945,3.16,0.041,0.622,,,,29.290026,-10.242428,33.98,6.41,5230,0.82,2.11,HD 11964,HIP 9094,
HD 73534,b,Radial Velocity,1800,3.15,0.046,1.15,,,,129.815842,12.960376,96.99,8.237,4890,,3.17,HD 73534,HIP 42446,
HD 79498,b,Radial Velocity,1966.1,3.13,0.59,1.34,,,,138.789169,23.375549,48.64,8.02,5540,0.93,1.23,HD 79498,HIP 45406,
HD 204313,b,Radial Velocity,1931,3.082,0.131,4.05,,,,322.050873,-21.726255,47.3,8.02,5630,0.97,1.15,HD 204313,HIP 106006,
HD 142022 A,b,Radial Velocity,1928,3.03,0.53,5.1,,,,242.562592,-84.231613,35.87,7.655,5280,0.83,1.22,HD 142022A,HIP 79242,
HD 25171,b,Radial Velocity,1845,3.02,0.08,0.95,,,,58.956001,-65.186676,56.05,7.778,6210,1.22,1.2,HD 25171,HIP 18387,
HD 8673,b,Radial Velocity,1634,3.02,0.723,14.2,,,,21.536604,34.5797,38.26,6.341,6390,1.28,1.49,HD 8673,HIP 6702,
HD 181433,d,Radial Velocity,2172,3,0.48,0.54,,,,291.289856,-66.468796,26.15,8.4,4770,0.71,0.86,HD 181433,HIP 95467,
HD 168443,c,Radial Velocity,1749.5,2.91,0.212,18.1,,,,275.016388,-9.595722,37.88,6.917,5460,0.9,1.66,HD 168443,HIP 89844,
HD 12661,c,Radial Velocity,1708,2.9,0.031,1.92,,,,31.142866,25.414305,37.16,7.425,5470,0.9,1.28,HD 12661,HIP 9683,
HD 129445,b,Radial Velocity,1840,2.9,0.7,1.6,,,,221.512772,-68.762749,67.61,8.787,5310,0.84,1.35,HD 129445,HIP 72203,
HD 86264,b,Radial Velocity,1475,2.86,0.7,7,,,,149.240997,-15.895122,72.57,7.407,6240,1.23,1.82,HD 86264,HIP 48780,
14 Her,b,Radial Velocity,1773.4,2.77,0.369,4.64,,,,242.601303,43.817646,18.15,6.605,5311,0.9,,HD 145675,HIP 79248,
HD 108874,c,Radial Velocity,1680,2.77,0.273,1.064,,,,187.612015,22.879829,68.54,8.738,5370,0.86,1.35,HD 108874,HIP 61028,
HD 142245,b,Radial Velocity,1299,2.77,0.32,1.9,,,,238.234497,15.430708,106.38,7.452,4760,,5.44,HD 142245,HIP 77783,
HD 23596,b,Radial Velocity,1558,2.72,0.314,7.19,,,,57.001556,40.530636,51.97,7.244,5860,1.1,1.63,HD 23596,HIP 17747,
HD 216437,b,Radial Velocity,1294,2.7,0.34,2.1,,,,343.66452,-70.073708,26.52,6.05,5680,1,1.56,HD 216437,HIP 113137,
HD 132563,b,Radial Velocity,1544,2.62,0.22,1.49,,,,224.589661,44.043148,98.52,8.928,6110,1.19,1.29,HD 132563,HIP 73261A,
HD 106252,b,Radial Velocity,1531,2.611,0.482,6.92,,,,183.372955,10.041638,37.44,7.408,5830,1.08,1.1,HD 106252,HIP 59610,
18 Del,b,Radial Velocity,993.3,2.6,0.08,10.3,,,,314.608063,10.839286,73.1,5.506,4979,2.3,8.5,HD 199665,HIP 103527,
HD 86226,b,Radial Velocity,1534,2.6,0.73,1.5,,,,149.124359,-24.09939,42.48,7.932,5780,1.05,1.01,HD 86226,HIP 48739,
kappa CrB,b,Radial Velocity,1251,2.6,0.073,1.6,,,,237.808044,35.657383,31.12,4.82,4877,1.51,5,HD 142091,HIP 77655,
HD 204941,b,Radial Velocity,1733,2.56,0.37,0.266,,,,323.097961,-20.957422,26.95,8.42,5010,0.76,0.75,HD 204941,HIP 106353,
HD 216435,b,Radial Velocity,1311,2.56,0.07,1.26,,,,343.408051,-48.598286,33.29,6.04,5820,1.07,1.85,HD 216435,HIP 113044,
HAT-P-17,c,Radial Velocity,1610,2.555,0.086,1.31,,,,324.536396,30.488716,90,,5246,0.86,0.84,,,
HD 202206,c,Radial Velocity,1383.4,2.55,0.267,2.44,,,,318.740692,-20.789209,46.34,8.071,5500,0.91,1.17,HD 202206,HIP 104903,
HD 171238,b,Radial Velocity,1523,2.54,0.4,2.6,,,,278.681976,-28.072313,44.05,8.652,5390,0.87,0.9,HD 171238,HIP 91085,
ups And,d,Radial Velocity,1276.46,2.51329,0.2987,4.132,,,,24.199345,41.40546,13.47,4.1,6120,1.19,1.62,HD 9826,HIP 7513,
81 Cet,b,Radial Velocity,952.7,2.5,0.206,5.3,,,,39.424168,-3.396175,97.18,5.65,4785,2.4,11,HD 16400,HIP 12247,
HD 196050,b,Radial Velocity,1289,2.5,0.28,3,,,,309.465454,-60.634483,46.93,7.493,5660,0.98,1.43,HD 196050,HIP 101806,
HD 148156,b,Radial Velocity,1027,2.45,0.52,0.85,,,,247.072006,-46.317623,53.05,7.689,6010,1.15,1.28,HD 148156,HIP 80680,
HD 113538,c,Radial Velocity,1657,2.43,0.32,0.71,,,,196.239487,-52.442924,15.71,9.07,4020,0.56,0.74,HD 113538,HIP 63833,
HD 11506,b,Radial Velocity,1271,2.43,0.22,3.44,,,,28.210558,-19.506975,53.82,7.513,5910,1.11,1.46,HD 11506,HIP 8770,
HD 163607,c,Radial Velocity,1314,2.42,0.12,2.29,,,,268.418732,56.391956,69.44,7.979,5330,0.85,1.99,HD 163607,HIP 87601,
Gl 179,b,Radial Velocity,2288,2.41,0.21,0.82,,,,73.023865,6.476539,12.12,12,3370,0.36,0.38,,HIP 22627,
HD 175167,b,Radial Velocity,1290,2.4,0.54,7.8,,,,285.003479,-69.944244,67.02,8,5330,0.85,1.9,HD 175167,HIP 93281,
HD 23127,b,Radial Velocity,1214,2.4,0.44,1.5,,,,54.848495,-60.077843,89.13,8.55,5540,0.93,1.77,HD 23127,HIP 17054,
HD 47186,c,Radial Velocity,1353.6,2.395,0.249,0.35061,,,,99.036613,-27.622297,37.84,7.626,5460,0.9,1.19,HD 47186,HIP 31540,
HD 217786,b,Radial Velocity,1319,2.38,0.4,13,,,,345.78418,-0.429622,54.92,7.779,5960,1.12,1.29,HD 217786,HIP 113834,
HD 50554,b,Radial Velocity,1279,2.38,0.42,4.9,,,,103.678436,24.245558,31.03,6.844,6010,1.15,1.1,HD 50554,HIP 33212,
NGC 4349 No 127,b,Radial Velocity,677.8,2.38,0.19,19.8,,,,186.030844,-61.870178,,,,,,,,
HD 196885,b,Radial Velocity,1333,2.37,0.48,2.58,,,,309.966156,11.249649,32.99,6.386,6130,1.19,1.38,HD 196885,HIP 101966,
HD 139357,b,Radial Velocity,1125.7,2.36,0.1,9.76,,,,233.81749,53.922142,121.36,5.964,4490,,15.03,HD 139357,HIP 76311,
HD 126614,b,Radial Velocity,1244,2.35,0.41,0.38,,,,216.701172,-5.17778,68.35,8.788,5100,0.78,1.52,HD 126614,HIP 70623,
GJ 849,b,Radial Velocity,1845,2.32,0.05,0.91,,,,332.418121,-4.640729,8.77,10.37,,0.49,,,HIP 109388,
HD 190228,b,Radial Velocity,1127,2.31,0.43,4.99,,,,300.753235,28.306856,62.11,7.296,5280,0.83,2.49,HD 190228,HIP 98714,
HD 30562,b,Radial Velocity,1157,2.3,0.76,1.29,,,,72.151604,-5.674045,26.5,5.78,5820,1.07,1.66,HD 30562,HIP 22336,
HD 7449,b,Radial Velocity,1275,2.3,0.82,1.11,,,,18.622173,-5.047387,38.52,7.483,5910,1.11,1.06,HD 7449,HIP 5806,
HD 134060,c,Radial Velocity,1160.9,2.2263,0.75,0.1507,,,,227.686432,-61.422321,24.15,6.3,5780,1.05,1.21,HD 134060,HIP 74273,
HD 2039,b,Radial Velocity,1183,2.2,0.67,4.9,,,,6.084491,-56.650047,89.85,8.987,5680,0.99,1.37,HD 2039,HIP 1931,
HD 73267,b,Radial Velocity,1260,2.198,0.256,3.06,,,,129.074066,-34.45998,53.05,8.87,5300,0.84,1.02,HD 73267,HIP 42202,
6 Lyn,b,Radial Velocity,874.774,2.18,0.059,2.21,,,,97.696281,58.162632,56.95,5.88,4978,1.82,5.2,HD 45410,HIP 31039,
HD 110014,b,Radial Velocity,835.477,2.14,0.462,11.09,,,,189.811523,-7.995564,97.66,4.67,4570,,21.91,HD 110014,HIP 61740,
HD 99706,b,Radial Velocity,868,2.14,0.365,1.4,,,,172.125885,43.966579,130.89,7.637,4830,,5.86,HD 99706,HIP 55994,
HD 10697,b,Radial Velocity,1075.2,2.131,0.099,6.21,,,,26.232603,20.083149,32.56,6.279,5540,0.93,1.84,HD 10697,HIP 8159,
HD 207832,c,Radial Velocity,1155.7,2.112,0.27,0.73,,,,328.151184,-26.02656,55.31,8.786,5710,0.94,0.9,HD 207832,HIP 107985,
HD 114729,b,Radial Velocity,1114,2.11,0.167,0.95,,,,198.184402,-31.873348,35,6.695,5920,1.11,1.38,HD 114729,HIP 64459,
HD 164922,b,Radial Velocity,1155,2.11,0.05,0.36,,,,270.628601,26.313002,21.92,6.99,5230,0.82,1.04,HD 164922,HIP 88348,
47 Uma,b,Radial Velocity,1078,2.1,0.032,2.53,,,,164.866562,40.430256,14.08,5.05,5882,1.08,1.23,HD 95128,HIP 53721,
75 Cet,b,Radial Velocity,691.9,2.1,0.117,3,,,,38.039253,-1.034896,81.5,5.35,4846,2.49,10.5,HD 15779,HIP 11791,
HD 16175,b,Radial Velocity,990,2.1,0.59,4.4,,,,39.257961,42.062634,59.84,7.282,5740,1.03,1.94,HD 16175,HIP 12191,
HD 170469,b,Radial Velocity,1145,2.1,0.11,0.67,,,,277.295746,11.695502,64.98,8.176,5610,0.96,1.48,HD 170469,HIP 90593,
NGC 2423 3,b,Radial Velocity,714.3,2.1,0.21,10.6,,,,114.288492,-13.906663,,9.767,4620,0.65,,,,
HD 131496,b,Radial Velocity,883,2.09,0.163,2.2,,,,223.345947,18.235401,121.36,7.799,4790,,5.19,HD 131496,HIP 72845,
24 Sex,c,Radial Velocity,883,2.08,0.29,0.86,,,,155.86821,-0.902244,74.79,6.441,5098,1.54,4.9,HD 90043,HIP 50887,
HD 190647,b,Radial Velocity,1038.1,2.07,0.18,1.9,,,,301.83197,-35.538631,54.23,7.775,5380,0.86,1.66,HD 190647,HIP 99115,
HD 197037,b,Radial Velocity,1035.7,2.07,0.22,0.79,,,,309.887329,42.24855,32.83,6.813,6290,1.25,1.06,HD 197037,HIP 101948,
HD 34445,b,Radial Velocity,1049,2.07,0.27,0.79,,,,79.420746,7.353343,45.01,7.328,5750,1.04,1.43,HD 34445,HIP 24681,
HD 187085,b,Radial Velocity,986,2.05,0.47,0.75,,,,297.391541,-37.780552,44.98,7.214,6010,1.16,1.35,HD 187085,HIP 97546,
gamma Cephei,b,Radial Velocity,903.3,2.05,0.049,1.85,,,,354.836884,77.632278,13.79,3.21,4888,1.4,4.9,HD 222404,HIP 116727,
HD 10647,b,Radial Velocity,1003,2.03,0.16,0.93,,,,25.622149,-53.740833,17.35,5.519,6140,1.2,1.08,HD 10647,HIP 7978,
HD 200964,c,Radial Velocity,829,2.03,0.113,1.3,,,,316.666016,3.803119,68.35,6.487,5070,0.77,4.48,HD 200964,HIP 104202,
HD 213240,b,Radial Velocity,951,2.03,0.45,4.5,,,,337.751526,-49.43327,40.75,6.814,5850,1.09,1.57,HD 213240,HIP 111143,
BD+20 2457,c,Radial Velocity,621.99,2.01,0.18,12.47,,,,154.18691,19.891409,,,4137,2.8,49,,,
HD 102329,b,Radial Velocity,778.1,2.01,0.211,5.9,,,,176.694351,3.474293,138.5,7.886,4760,,5.8,HD 102329,HIP 57467,
HD 143361,b,Radial Velocity,1057,2,0.15,3.12,,,,240.459778,-44.434536,59.35,9.225,5280,0.83,0.98,HD 143361,HIP 78521,
HD 159868,b,Radial Velocity,986,2,0.69,1.7,,,,264.748016,-43.145515,52.72,7.242,5510,0.92,1.94,HD 159868,HIP 86375,
HD 30856,b,Radial Velocity,912,2,0.24,1.8,,,,72.574425,-24.368839,121.07,7.911,4920,,4.5,HD 30856,HIP 22491,
HD 132406,b,Radial Velocity,974,1.98,0.34,5.61,,,,224.227707,53.382168,70.97,8.467,5780,1.05,1.31,HD 132406,HIP 73146,
HD 111232,b,Radial Velocity,1143,1.97,0.2,6.8,,,,192.215637,-68.425148,28.88,7.607,5560,0.94,0.88,HD 111232,HIP 62534,
HD 81040,b,Radial Velocity,1001.7,1.94,0.526,6.86,,,,140.946198,20.364454,32.56,7.716,5670,0.99,0.89,HD 81040,HIP 46076,
HD 150433,b,Radial Velocity,1096.2,1.9303,0,0.168,,,,250.284225,-2.857277,29.55,7.21,5750,1.04,0.99,HD 150433,HIP 81681,
HD 11977,b,Radial Velocity,711,1.93,0.4,6.54,,,,28.733881,-67.647301,66.49,4.69,4940,,10.77,HD 11977,HIP 8928,
eps Tau,b,Radial Velocity,594.9,1.93,0.151,7.6,,,,67.154167,19.180431,47.53,3.54,4901,2.7,13.7,HD 28305,HIP 20889,
HD 147018,c,Radial Velocity,1008,1.922,0.133,6.56,,,,245.75061,-61.688763,42.68,8.301,5350,0.85,1.04,HD 147018,HIP 80250,
HD 18742,b,Radial Velocity,772,1.92,0.23,2.7,,,,45.044407,-20.802603,127.88,7.814,5000,0.76,4.74,HD 18742,HIP 13993,
HD 45350,b,Radial Velocity,890.76,1.92,0.778,1.79,,,,97.19046,38.962963,48.95,7.885,5430,0.88,1.39,HD 45350,HIP 30860,
7 CMa,b,Radial Velocity,763,1.9,0.14,2.6,,,,99.17099,-19.255878,19.84,3.92,4792,1.52,2.3,HD 47205,HIP 31592,
HD 240237,b,Radial Velocity,745.7,1.9,0.4,5.3,,,,348.925934,58.04324,307.69,,,,,HD 240237,HIP 114840,
HD 5608,b,Radial Velocity,792.6,1.9,0.19,1.4,,,,14.559246,33.950886,58.17,5.98,4854,1.55,5.5,HD 5608,HIP 4552,
nu Oph,b,Radial Velocity,530.32,1.9,0.1256,24,,,,269.756622,-9.773632,46.84,3.34,4928,3.04,15.1,HD 163917,HIP 88048,
HIP 14810,d,Radial Velocity,952,1.89,0.173,0.57,,,,47.809292,21.097359,52.88,8.5,5390,0.87,1.15,,HIP 14810,
HD 13189,b,Radial Velocity,471.6,1.85,0.27,14,,,,32.417381,32.316437,300.3,7.556,3960,,30.18,HD 13189,HIP 10085,
GJ 676A,b,Radial Velocity,1056.8,1.82,0.326,4.9,,,,262.546692,-51.636978,16.13,9.58,,0.71,,,HIP 85647,
HD 126525,b,Radial Velocity,948.12,1.8105,0.13,0.224,,,,216.887375,-51.933086,38.05,7.84,5560,0.94,1.04,HD 126525,HIP 70695,
HD 181342,b,Radial Velocity,663,1.78,0.177,3.3,,,,290.267639,-23.619572,115.47,7.551,4820,,5.42,HD 181342,HIP 95124,
HD 181433,c,Radial Velocity,962,1.76,0.28,0.64,,,,291.289856,-66.468796,26.15,8.4,4770,0.71,0.86,HD 181433,HIP 95467,
HD 70573,b,Radial Velocity,851.8,1.76,0.4,6.1,,,,125.708135,1.859323,,11.424,4990,0.51,,HD 70573,,
HD 5319,b,Radial Velocity,675,1.75,0.12,1.94,,,,13.755836,0.789553,100,8.047,4820,,3.73,HD 5319,HIP 4297,
HD 128311,c,Radial Velocity,923.8,1.745,0.23,3.24,,,,219.002335,9.746518,16.57,7.487,4860,0.73,0.78,HD 128311,HIP 71395,
HD 116029,b,Radial Velocity,670.2,1.73,0.21,2.1,,,,200.164764,24.648699,110.62,7.871,4790,,4.57,HD 116029,HIP 65117,
HD 200964,b,Radial Velocity,630.6,1.71,0.111,1.9,,,,316.666016,3.803119,68.35,6.487,5070,0.77,4.48,HD 200964,HIP 104202,
V391 Peg,b,Pulsar Timing,1170,1.7,0,3.2,,,,331.05044,26.41886,,,,,,,,
HD 38801,b,Radial Velocity,696.3,1.7,0,10.7,,,,86.996567,-8.3277,99.4,8.269,5100,0.78,2.81,HD 38801,HIP 27384,
HD 4208,b,Radial Velocity,829,1.7,0.04,0.8,,,,11.111043,-26.51568,32.7,7.783,5630,0.97,0.89,HD 4208,HIP 3479,
HD 62509,b,Radial Velocity,589.64,1.69,0.02,2.9,,,,116.328957,28.026199,10.34,1.14,4840,,9.15,HD 62509,HIP 37826,
16 Cyg B,b,Radial Velocity,798.5,1.681,0.681,1.68,,,,295.466553,50.517525,21.41,6.2,5674,0.99,1.16,HD 186427,HIP 96901,
HD 206610,b,Radial Velocity,610,1.68,0.229,2.2,,,,325.85376,-7.408253,170.07,8.346,4780,,5.68,HD 206610,HIP 107251,
HD 114386,b,Radial Velocity,937.7,1.65,0.23,1.24,,,,197.665924,-35.054783,28.04,8.715,4690,0.7,0.84,HD 114386,HIP 64295,
HD 23079,b,Radial Velocity,738.459,1.65,0.1,2.61,,,,54.929562,-52.915836,34.6,7.105,5960,1.13,1.11,HD 23079,HIP 17096,
HD 82886,b,Radial Velocity,705,1.65,0.27,1.3,,,,143.938263,34.780743,112.23,7.625,5120,,4.23,HD 82886,HIP 47087,
HD 37124,d,Radial Velocity,843.6,1.64,0.14,0.624,,,,84.260361,20.730787,33.24,7.65,5580,0.94,0.98,HD 37124,HIP 26381,
HD 41004 A,b,Radial Velocity,963,1.64,0.39,2.54,,,,89.956871,-48.239693,43.03,8.621,5130,0.79,1.02,HD 41004A,HIP 28393A,
HD 60532,c,Radial Velocity,607.06,1.58,0.038,7.4634,,20,,113.513252,-22.296066,25.7,4.45,6240,1.24,2.52,HD 60532,HIP 36795,
HD 102272,c,Radial Velocity,520,1.57,0.68,2.6,,,,176.598068,14.123986,164.2,8.711,4880,,4.34,HD 102272,HIP 57428,
11 UMi,b,Radial Velocity,516.22,1.54,0.08,10.5,,,,229.274536,71.823898,119.47,5.016,4340,1.8,24.08,HD 136726,HIP 74793,
HD 141937,b,Radial Velocity,653.22,1.52,0.41,9.7,,,,238.07312,-18.436066,33.46,7.25,5810,1.07,1.07,HD 141937,HIP 77740,
HD 158038,b,Radial Velocity,521,1.52,0.291,1.8,,,,261.439301,27.303341,114.15,7.464,4740,,5.88,HD 158038,HIP 85294,
HD 183263,b,Radial Velocity,634.23,1.52,0.38,3.69,,,,292.102386,8.358054,52.83,7.861,5710,1.02,1.33,HD 183263,HIP 95740,
HD 48265,b,Radial Velocity,700,1.51,0.18,1.16,,,,100.007195,-48.541954,87.41,8.032,5410,0.88,2.34,HD 48265,HIP 31895,
HD 95089,b,Radial Velocity,507,1.51,0.157,1.2,,,,164.698898,1.729216,149.03,7.946,4950,0.75,5.36,HD 95089,HIP 53666,
HD 160691,b,Radial Velocity,643.25,1.497,0.128,1.676,,,,266.036255,-51.834053,15.28,5.15,5560,0.94,1.44,HD 160691,HIP 86796,
HD 152581,b,Radial Velocity,689,1.48,0.22,1.5,,,,253.431595,11.973746,182.82,8.347,5040,,5.17,HD 152581,HIP 82651,
BD+20 2457,b,Radial Velocity,379.63,1.45,0.15,21.42,,,,154.18691,19.891409,,,4137,2.8,49,,,
HD 10180,g,Radial Velocity,601.2,1.422,0.19,0.06733,,,,24.473234,-60.511528,39.39,7.321,5790,1.06,1.23,HD 10180,HIP 7599,
HD 19994,b,Radial Velocity,535.7,1.42,0.3,1.68,,,,48.193485,-1.196101,22.38,5.06,6000,1.15,1.82,HD 19994,HIP 14954,
HD 108863,b,Radial Velocity,443.4,1.4,0.1,2.6,,,,187.582962,21.948244,138.5,7.739,4830,,5.92,HD 108863,HIP 61020,
HD 180314,b,Radial Velocity,396.03,1.4,0.257,22,,,,288.709198,31.86035,131.75,6.608,4810,,9.61,HD 180314,HIP 94576,
HD 96127,b,Radial Velocity,647.3,1.4,0.3,4,,,,166.441452,44.301559,221.24,7.407,3990,,23.04,HD 96127,HIP 54232,
HD 180902,b,Radial Velocity,479,1.39,0.09,1.6,,,,289.823792,-23.558155,114.55,7.778,4980,,4.37,HD 180902,HIP 94951,
HD 20782,b,Radial Velocity,591.9,1.381,0.97,1.9,,,,50.014908,-28.854071,36.02,7.367,5770,1.05,1.11,HD 20782,HIP 15527,
HD 125612,b,Radial Velocity,559.4,1.37,0.46,3,,,,215.222977,-17.481522,52.83,8.317,5840,1.09,1.02,HD 125612,HIP 70123,
HD 65216,b,Radial Velocity,613.1,1.37,0.41,1.21,,,,118.422173,-63.647324,35.59,7.964,5590,0.95,0.9,HD 65216,HIP 38558,
HD 7199,b,Radial Velocity,615,1.36,0.19,0.29,,,,17.696762,-66.188164,35.88,8.027,5130,0.79,1.12,HD 7199,HIP 5529,
HD 222582,b,Radial Velocity,572.38,1.35,0.725,7.75,,,,355.464722,-5.985757,41.95,7.691,5720,1.02,1.14,HD 222582,HIP 116906,
BD-17 63,b,Radial Velocity,655.6,1.34,0.54,5.1,,,,7.142942,-16.226345,37.54,9.566,4714,0.74,0.69,,HIP 2247,
24 Sex,b,Radial Velocity,452.8,1.333,0.09,1.99,,,,155.86821,-0.902244,74.79,6.441,5098,1.54,4.9,HD 90043,HIP 50887,
HD 240210,b,Radial Velocity,501.75,1.33,0.15,6.9,,,,347.621792,57.029456,,,,,,HD 240210,,
HD 136418,b,Radial Velocity,464.3,1.32,0.255,2,,,,229.775757,41.733208,106.38,7.879,4970,,3.9,HD 136418,HIP 74961,
HD 147513,b,Radial Velocity,528.4,1.32,0.26,1.21,,,,246.005371,-39.192982,12.87,5.39,5820,1.07,0.97,HD 147513,HIP 80337,
HD 1502,b,Radial Velocity,431.8,1.31,0.101,3.1,,,,4.82111,14.054755,167.5,8.342,4950,,5.02,HD 1502,HIP 1547,
BD+20 274,b,Radial Velocity,578.2,1.3,0.21,4.2,,,,25.920324,21.005314,,,4296,0.8,17.3,,,
HD 164604,b,Radial Velocity,606.4,1.3,0.24,2.7,,,,270.7789,-28.560644,37.98,9.827,4580,0.7,0.79,HD 164604,HIP 88414,
HD 167042,b,Radial Velocity,412.6,1.3,0.027,1.7,,,,272.631836,54.286552,50,5.94,4960,,4.5,HD 167042,HIP 89047,
HD 1690,b,Radial Velocity,533,1.3,0.64,6.1,,,,5.305497,-8.281169,7.01,9.173,4170,,0.27,HD 1690,HIP 1692,
HD 96167,b,Radial Velocity,498.9,1.3,0.71,0.68,,,,166.31279,-10.291301,84.03,8.08,5440,0.89,2.17,HD 96167,HIP 54195,
epsilon CrB,b,Radial Velocity,417.9,1.3,0.11,6.7,,,,239.396881,26.87788,70.42,4.15,4440,,22.02,HD 143107,HIP 78159,
11 Com,b,Radial Velocity,326.03,1.29,0.231,19.4,,,,185.179276,17.792868,110.62,4.74,4742,2.7,19.5,HD 107383,HIP 60202,
HD 17092,b,Radial Velocity,359.9,1.29,0.166,4.6,,,,41.592153,49.653075,,7.732,,,,HD 17092,,
HD 171028,b,Radial Velocity,538,1.29,0.61,1.83,,,,278.064552,6.945749,,8.292,,,,HD 171028,,
HD 153950,b,Radial Velocity,499.4,1.28,0.34,2.73,,,,256.128632,-43.309769,51.87,7.39,6070,1.18,1.4,HD 153950,HIP 83547,
HD 4113,b,Radial Velocity,526.62,1.28,0.903,1.56,,,,10.802486,-37.982632,44.05,7.881,5480,0.91,1.22,HD 4113,HIP 3391,
HIP 75458,b,Radial Velocity,511.098,1.275,0.7124,8.82,,,,231.232391,58.966064,31.33,3.29,4610,,12.91,HD 137759,HIP 75458,
HD 31253,b,Radial Velocity,466,1.26,0.3,0.5,,,,73.681892,12.352201,53.82,7.133,5960,1.13,1.71,HD 31253,HIP 22826,
HD 20367,b,Radial Velocity,500,1.25,0.23,1.07,,,,49.416859,31.127048,27.13,6.399,6030,1.17,1.17,HD 20367,HIP 15323,
HD 221287,b,Radial Velocity,456.1,1.25,0.08,3.09,,,,352.834747,-58.209732,52.88,7.807,6260,1.24,1.1,HD 221287,HIP 116084,
HD 28678,b,Radial Velocity,387.1,1.24,0.168,1.7,,,,67.856056,4.575287,168.92,8.44,4850,0.73,5.15,HD 28678,HIP 21109,
HD 98219,b,Radial Velocity,436.9,1.23,0.21,1.8,,,,169.448135,-23.975414,150.38,8.033,4930,,5.26,HD 98219,HIP 55174,
HD 177830,b,Radial Velocity,406.6,1.2218,0.009,1.49,,,,286.336548,25.92066,59.03,7.177,4670,,3.65,HD 177830,HIP 93746,
HD 212771,b,Radial Velocity,373.3,1.22,0.111,2.3,,,,336.762787,-17.263659,121.8,7.596,5080,0.78,4.76,HD 212771,HIP 110813,
HD 154857,b,Radial Velocity,409,1.2,0.47,1.8,,,,257.815521,-56.680798,68.54,7.238,5570,0.94,2.45,HD 154857,HIP 84069,
HD 210702,b,Radial Velocity,354.8,1.2,0.094,1.9,,,,332.963867,16.04055,55.93,5.95,4967,1.68,5.1,HD 210702,HIP 109577,
alpha Ari,b,Radial Velocity,380.8,1.2,0.25,1.8,,,,31.793364,23.462423,20.21,2,4553,1.5,13.9,HD 12929,HIP 9884,
42 Dra,b,Radial Velocity,479.1,1.19,0.38,3.88,,,,276.496399,65.563484,97.28,4.82,4200,0.98,22.03,HD 170693,HIP 90344,
HD 188015,b,Radial Velocity,456.46,1.19,0.15,1.26,,,,298.018921,28.100376,52.63,8.234,5500,0.91,1.23,HD 188015,HIP 97769,
HD 4313,b,Radial Velocity,356,1.19,0.041,2.3,,,,11.41816,7.845021,131.41,7.822,4910,,5.13,HD 4313,HIP 3574,
HD 75898,b,Radial Velocity,418.2,1.19,0.1,2.51,,,,133.461685,33.056812,80.58,8.033,5770,1.05,1.83,HD 75898,HIP 43674,
gamma 1 Leo,b,Radial Velocity,428.5,1.19,0.144,8.78,,,,154.993149,19.841488,38.52,1.98,4330,1.23,31.88,HD 89484,HIP 50583A,
HD 192310,c,Radial Velocity,525.8,1.18,0.32,0.07552,,,,303.822449,-27.032976,8.82,5.73,5090,0.78,0.81,HD 192310,HIP 99825,
HD 27442,b,Radial Velocity,423.841,1.18,0.07,1.28,,,,64.120956,-59.302155,18.24,4.44,4540,,4.65,HD 27442,HIP 19921,
HD 82943,b,Radial Velocity,441.2,1.18,0.219,1.75,,,,143.711395,-12.129546,27.46,6.53,5760,1.05,1.25,HD 82943,HIP 47007,
HD 22781,b,Radial Velocity,528.07,1.167,0.8191,13.65,,,,55.206356,31.82629,31.79,8.766,5130,0.79,0.7,HD 22781,HIP 17187,
HD 4203,b,Radial Velocity,431.88,1.164,0.519,2.07,,,,11.171676,20.448927,77.82,8.687,5390,0.87,1.56,HD 4203,HIP 3502,
HD 114783,b,Radial Velocity,493.7,1.16,0.144,1.1,,,,198.182434,-2.26504,20.43,7.563,4990,0.75,0.85,HD 114783,HIP 64457,
HD 173416,b,Radial Velocity,323.6,1.16,0.21,2.7,,,,280.900452,36.556606,134.95,6.037,4740,,13.45,HD 173416,HIP 91852,
HD 192699,b,Radial Velocity,351.5,1.16,0.149,2.5,,,,304.025024,4.580795,67.39,6.446,5120,0.79,4.37,HD 192699,HIP 99894,
HD 134606,d,Radial Velocity,459.26,1.1567,0.46,0.121,,,,228.812683,-70.519623,26.91,6.854,5400,0.87,1.25,HD 134606,HIP 74653,
GJ 317,b,Radial Velocity,692,1.15,0.11,2.5,,45,,130.246704,-23.456272,,11.97,3510,0.42,,,,
GJ 649,b,Radial Velocity,598.3,1.135,0.3,0.328,,,,254.53688,25.74416,10.32,9.69,3700,0.54,,,HIP 83043,
HD 16760,b,Radial Velocity,465.1,1.13,0.067,14.3,,,,40.58881,38.618668,50.18,8.765,5590,0.95,0.88,HD 16760,HIP 12638,
HD 99109,b,Radial Velocity,439.3,1.105,0.09,0.502,,,,171.072327,-1.529076,60.46,9.061,5060,0.77,1.22,HD 99109,HIP 55664,
HD 210277,b,Radial Velocity,442.1,1.1,0.472,1.23,,,,332.374451,-7.548654,21.29,6.53,5410,0.88,1.14,HD 210277,HIP 109378,
HD 33564,b,Radial Velocity,388,1.1,0.34,9.1,,,,80.639717,79.231148,20.98,5.084,6370,1.27,1.47,HD 33564,HIP 25110,
HD 156846,b,Radial Velocity,359.5546,1.096,0.84785,10.57,,,,260.142944,-19.333746,49,6.52,5960,1.13,2.06,HD 156846,HIP 84856,
HD 128311,b,Radial Velocity,454.2,1.086,0.345,1.45,,,,219.002335,9.746518,16.57,7.487,4860,0.73,0.78,HD 128311,HIP 71395,
HD 33142,b,Radial Velocity,326.6,1.06,0.22,1.3,,,,76.898087,-13.98648,136.8,7.956,4950,,4.9,HD 33142,HIP 23844,
HD 108874,b,Radial Velocity,394.48,1.053,0.128,1.34,,,,187.612015,22.879829,68.54,8.738,5370,0.86,1.35,HD 108874,HIP 61028,
HD 142415,b,Radial Velocity,386.3,1.05,0.5,1.62,,,,239.419968,-60.200256,34.57,7.327,5780,1.05,1.08,HD 142415,HIP 78169,
HD 73526,c,Radial Velocity,377.8,1.05,0.14,2.5,,,,129.31868,-41.319103,94.61,8.971,5460,0.9,1.6,HD 73526,HIP 42282,
HD 38858,b,Radial Velocity,407.15,1.0376,0.27,0.0961,,,,87.145584,-4.094648,15.56,5.97,5750,1.04,0.92,HD 38858,HIP 27435,
HD 100777,b,Radial Velocity,383.7,1.03,0.36,1.16,,,,173.964676,-4.755697,52.8,8.418,5340,0.85,1.23,HD 100777,HIP 56572,
HD 175541,b,Radial Velocity,297.3,1.03,0.33,0.61,,,,283.920349,4.265325,127.55,8.01,5050,0.77,4.19,HD 175541,HIP 92895,
HD 28185,b,Radial Velocity,383,1.03,0.07,5.7,,,,66.609673,-10.550821,39.56,7.81,5510,0.92,1.12,HD 28185,HIP 20723,
HD 122430,b,Radial Velocity,344.95,1.02,0.68,3.71,,,,210.594925,-27.429773,133.16,5.469,4140,,28.97,HD 122430,HIP 68581,
HD 142,b,Radial Velocity,349.7,1.02,0.17,1.25,,,,1.579898,-49.075191,25.64,5.7,6403,1.23,1.47,HD 142,HIP 522,
HD 155358,c,Radial Velocity,391.9,1.02,0.16,0.82,,,,257.394226,33.355854,43.4,7.27,6180,1.21,1.19,HD 155358,HIP 83949,
HD 38283,b,Radial Velocity,363.2,1.02,0.41,0.34,,,,84.258408,-73.699341,37.78,6.696,6020,1.16,1.43,HD 38283,HIP 26380,
HD 74156,d,Radial Velocity,346.6,1.01,0.25,0.396,,,,130.604675,4.578097,64.56,7.614,5960,1.12,1.64,HD 74156,HIP 42723,
HIP 57274,d,Radial Velocity,431.7,1.01,0.27,0.527,,,,176.170685,30.959293,25.87,8.984,4540,0.69,0.81,,HIP 57274,
BD +48 738,b,Radial Velocity,392.6,1,0.2,0.91,,,,40.710224,49.58696,,,4414,0.74,11,,,
30 Ari B,b,Radial Velocity,335.1,0.995,0.289,9.88,,,,39.252182,24.647223,40.13,6.455,6152,1.16,1.13,HD 16246,HIP 12189,
HD 96063,b,Radial Velocity,361.1,0.99,0.28,0.9,,,,166.185226,-2.513218,132.8,8.254,5190,0.81,3.6,HD 96063,HIP 54158,
HD 92788,b,Radial Velocity,325.81,0.97,0.334,3.86,,,,160.702209,-2.183756,32.32,7.3,5520,0.92,1.15,HD 92788,HIP 52409,
HD 20868,b,Radial Velocity,380.85,0.947,0.75,1.99,,,,50.177895,-33.730103,44.5,9.928,4590,0.68,0.82,HD 20868,HIP 15578,
HD 63765,b,Radial Velocity,358,0.94,0.24,0.64,,,,116.957161,-54.264145,32.62,8.104,5430,0.89,0.84,HD 63765,HIP 38041,
HD 148427,b,Radial Velocity,331.5,0.93,0.16,0.96,,,,247.117294,-13.39964,59.28,6.895,4940,,3.48,HD 148427,HIP 80687,
HD 160691,e,Radial Velocity,310.55,0.921,0.0666,0.5219,,,,266.036255,-51.834053,15.28,5.15,5560,0.94,1.44,HD 160691,HIP 86796,
HD 59686,b,Radial Velocity,303,0.911,0,5.25,,,,112.951653,17.086046,92.51,5.442,4600,,13.4,HD 59686,HIP 36616,
HR 810,b,Radial Velocity,311.288,0.91,0.24,1.94,,,,40.639442,-50.800293,17.24,5.41,6040,1.17,1.17,HD 17051,HIP 12653,
HD 45364,c,Radial Velocity,342.85,0.8972,0.0974,0.6579,,,,96.410316,-31.480953,32.58,8.062,5400,0.88,0.86,HD 45364,HIP 30579,
HD 205739,b,Radial Velocity,279.8,0.896,0.27,1.37,,,,324.535034,-31.737484,90.33,8.544,6090,1.18,1.42,HD 205739,HIP 106824,
HD 137388,b,Radial Velocity,330,0.89,0.36,0.223,,,,233.916367,-80.20459,38.45,8.696,5060,0.77,0.92,HD 137388A,HIP 76351,
HD 89744,b,Radial Velocity,256.605,0.89,0.67,7.99,,,,155.544006,41.22953,38.99,5.72,6160,1.2,2.19,HD 89744,HIP 50786,
HIP 5158,b,Radial Velocity,345.72,0.89,0.52,1.42,,,,16.508533,-22.453154,44.8,10.167,4650,0.69,0.71,,HIP 5158,
HD 164509,b,Radial Velocity,282.4,0.875,0.26,0.48,,,,270.380127,0.104556,51.81,8.103,5820,1.07,1.11,HD 164509,HIP 88268,
4 Uma,b,Radial Velocity,269.3,0.87,0.432,7.1,,,,130.053406,64.327934,77.4,4.61,4415,1.23,18.11,HD 73108,HIP 42527,
HD 12661,b,Radial Velocity,262.709,0.831,0.3768,2.3,,,,31.142866,25.414305,37.16,7.425,5470,0.9,1.28,HD 12661,HIP 9683,
14 And,b,Radial Velocity,185.84,0.83,0,4.8,,,,352.822571,39.236198,76.39,5.22,4813,2.2,11,HD 221345,HIP 116076,
HD 202206,b,Radial Velocity,255.87,0.83,0.435,17.4,,,,318.740692,-20.789209,46.34,8.071,5500,0.91,1.17,HD 202206,HIP 104903,
omicron CrB,b,Radial Velocity,187.83,0.83,0.191,1.5,,,,230.03566,29.616209,84.03,5.51,4749,2.13,10.5,HD 136512,HIP 75049,
ups And,c,Radial Velocity,241.258,0.827774,0.2596,1.981,,,,24.199345,41.40546,13.47,4.1,6120,1.19,1.62,HD 9826,HIP 7513,
HD 31527,d,Radial Velocity,274.49,0.8181,0.38,0.0519,,,,73.909927,-23.24188,38.01,7.484,5930,1.12,1.04,HD 31527,HIP 22905,
HD 40979,b,Radial Velocity,267.2,0.811,0.23,3.32,,,,91.124763,44.260445,33.33,6.735,6050,1.17,1.23,HD 40979,HIP 28767,
HD 134987,b,Radial Velocity,258.19,0.81,0.233,1.59,,,,228.369446,-25.309347,25.65,6.45,5560,0.94,1.33,HD 134987,HIP 74500,
HD 169830,b,Radial Velocity,225.62,0.81,0.31,2.88,,,,276.956177,-29.816866,36.32,5.902,6260,1.24,1.81,HD 169830,HIP 90485,
HD 81688,b,Radial Velocity,184.02,0.81,0,2.7,,,,142.166626,45.601482,88.26,5.393,4850,,10.96,HD 81688,HIP 46471,
HIP 11952,b,Radial Velocity,290,0.81,0.27,2.93,,,,38.546028,-12.384295,115.34,9.854,7090,1.52,0.71,HD 16031,HIP 11952,
55 Cnc,f,Radial Velocity,260,0.781,0.2,0.144,,,,133.149216,28.330818,12.53,5.938,5196,0.9,0.94,HD 75732,HIP 43587,
HD 104985,b,Radial Velocity,198.2,0.78,0.03,6.3,,,,181.312988,76.905731,102.04,5.8,4830,,10.66,HD 104985,HIP 58952,
BD+14 4559,b,Radial Velocity,268.94,0.777,0.29,1.47,,,,318.399963,14.689387,50.03,9.63,5008,0.86,0.95,,HIP 104780,
HD 60532,b,Radial Velocity,201.83,0.77,0.278,3.1548,,20,,113.513252,-22.296066,25.7,4.45,6240,1.24,2.52,HD 60532,HIP 36795,
HD 100655,b,Radial Velocity,157.57,0.76,0.085,1.7,,,,173.76564,20.441545,140.85,6.438,4780,,11.32,HD 100655,HIP 56508,
HD 145457,b,Radial Velocity,176.3,0.76,0.112,2.9,,,,242.516312,26.74275,126.1,6.566,4760,,9.69,HD 145457,HIP 79219,
HD 5891,b,Radial Velocity,177.11,0.76,0.066,7.6,,,,15.1383,20.292484,150.6,8.114,4840,,5.37,HD 5891,HIP 4715,
HD 8574,b,Radial Velocity,227,0.757,0.297,1.8,,,,21.302153,28.566692,44.15,7.112,5990,1.14,1.4,HD 8574,HIP 6643,
HD 82943,c,Radial Velocity,219.3,0.747,0.359,2.01,,,,143.711395,-12.129546,27.46,6.53,5760,1.05,1.25,HD 82943,HIP 47007,
HD 113538,b,Radial Velocity,263.3,0.71,0.61,0.27,,,,196.239487,-52.442924,15.71,9.07,4020,0.56,0.74,HD 113538,HIP 63833,
HD 218566,b,Radial Velocity,225.7,0.6873,0.3,0.21,,,,347.294708,-2.260742,29.94,8.628,4820,0.72,0.86,HD 218566,HIP 114322,
HD 45364,b,Radial Velocity,226.93,0.6813,0.1684,0.1872,,,,96.410316,-31.480953,32.58,8.062,5400,0.88,0.86,HD 45364,HIP 30579,
BD-082823,c,Radial Velocity,237.6,0.68,0.19,0.33,,,,150.198837,-9.51668,42.09,9.88,4746,0.74,,,HIP 49067,
ksi Aql,b,Radial Velocity,136.75,0.68,0,2.8,,,,298.562012,8.461452,62.66,4.68,4750,,11.57,HD 188310,HIP 97938,
HD 73526,b,Radial Velocity,188.3,0.66,0.19,2.9,,,,129.31868,-41.319103,94.61,8.971,5460,0.9,1.6,HD 73526,HIP 42282,
HD 9446,c,Radial Velocity,192.9,0.654,0.06,1.82,,,,23.334101,29.265148,52.85,8.369,5750,1.04,1.04,HD 9446,HIP 7245,
HD 215456,b,Radial Velocity,191.99,0.652,0.15,0.101,,,,341.533478,-48.978821,38.64,6.629,5760,1.05,1.68,HD 215456,HIP 112414,
HD 155358,b,Radial Velocity,194.3,0.64,0.17,0.85,,,,257.394226,33.355854,43.4,7.27,6180,1.21,1.19,HD 155358,HIP 83949,
HD 11506,c,Radial Velocity,170.6,0.639,0.42,0.82,,,,28.210558,-19.506975,53.82,7.513,5910,1.11,1.46,HD 11506,HIP 8770,
HD 69830,d,Radial Velocity,197,0.63,0.07,0.058,,,,124.599777,-12.632174,12.58,6,5390,0.87,0.87,HD 69830,HIP 40693,
HD 102272,b,Radial Velocity,127.58,0.614,0.05,5.9,,,,176.598068,14.123986,164.2,8.711,4880,,4.34,HD 102272,HIP 57428,
HD 154672,b,Radial Velocity,163.9,0.6,0.61,5.02,,,,257.520477,-56.449268,65.79,8.204,5530,0.93,1.54,HD 154672,HIP 83983,
HD 32518,b,Radial Velocity,157.54,0.59,0.01,3.04,,,,77.403,69.639404,117.37,6.421,4640,,10.51,HD 32518,HIP 24003,
HD 207832,b,Radial Velocity,161.97,0.57,0.13,0.56,,,,328.151184,-26.02656,55.31,8.786,5710,0.94,0.9,HD 207832,HIP 107985,
HIP 14810,c,Radial Velocity,147.73,0.545,0.164,1.28,,,,47.809292,21.097359,52.88,8.5,5390,0.87,1.15,,HIP 14810,
HD 231701,b,Radial Velocity,141.6,0.53,0.1,1.08,,,,293.017334,16.474291,108.46,8.97,6210,1.22,1.34,HD 231701,HIP 96078,
HD 37124,b,Radial Velocity,154.46,0.53,0.055,0.61,,,,84.260361,20.730787,33.24,7.65,5580,0.94,0.98,HD 37124,HIP 26381,
HD 177830,c,Radial Velocity,110.9,0.5137,0.3,0.15,,,,286.336548,25.92066,59.03,7.177,4670,,3.65,HD 177830,HIP 93746,
GJ 3021,b,Radial Velocity,133.71,0.495,0.511,3.37,,,,4.052823,-79.851181,17.62,6.582,5540,0.9,0.9,HD 1237,HIP 1292,
HD 156279,b,Radial Velocity,131.05,0.495,0.708,9.71,,,,258.09668,63.352093,35.37,8.077,5270,0.83,1,HD 156279,HIP 84171,
HD 10180,f,Radial Velocity,122.76,0.4929,0.135,0.0752,,,,24.473234,-60.511528,39.39,7.321,5790,1.06,1.23,HD 10180,HIP 7599,
HD 208487,b,Radial Velocity,123,0.49,0.32,0.45,,,,329.332703,-37.763622,43.99,7.471,6070,1.18,1.14,HD 208487,HIP 108375,
HD 52265,b,Radial Velocity,118.96,0.49,0.29,1.13,,,,105.07515,-5.367162,28.07,6.3,6000,1.15,1.29,HD 52265,HIP 33719,
70 Vir,b,Radial Velocity,116.6884,0.484,0.4007,7.49,,,,202.107544,13.778788,18.11,4.98,5545,1.11,,HD 117176,HIP 65721,
HD 93083,b,Radial Velocity,143.58,0.477,0.14,0.37,,,,161.087143,-33.577023,28.9,8.318,4930,0.74,0.89,HD 93083,HIP 52521,
61 Vir,d,Radial Velocity,123.01,0.476,0.35,0.0721,,,,199.601318,-18.311195,8.52,4.74,5577,0.94,0.98,HD 115617,HIP 64924,
PSR 1257+12,d,Pulsar Timing,98.2114,0.46,0.0252,0.012,,47,,195.014903,12.682353,,,,,,,,
HD 102365,b,Radial Velocity,122.1,0.46,0.34,0.05,,,,176.629471,-40.500355,9.24,4.91,5680,1,0.92,HD 102365,HIP 57443,
HD 216770,b,Radial Velocity,118.45,0.46,0.37,0.65,,,,343.973785,-26.658764,37.89,8.094,5170,0.8,1.12,HD 216770,HIP 113238,
HD 145377,b,Radial Velocity,103.95,0.45,0.307,5.76,,,,242.901855,-27.078173,55.19,8.095,5750,1.04,1.23,HD 145377,HIP 79346,
HD 96700,c,Radial Velocity,103.49,0.422,0.37,0.04,,,,166.976776,-30.174566,26.21,6.54,5890,1.11,1.12,HD 96700,HIP 54400,
HD 157172,b,Radial Velocity,104.84,0.416,0.46,0.12,,,,260.644012,-19.61618,33.48,7.859,5340,0.85,1.01,HD 157172,HIP 85017,
HD 136352,d,Radial Velocity,106.72,0.411,0.43,0.03,,,,230.450623,-48.317627,14.56,5.65,5720,1.02,1.01,HD 136352,HIP 75181,
HD 51608,c,Radial Velocity,95.415,0.3791,0.41,0.0565,,,,103.713921,-55.259327,34.07,8.155,5330,0.85,0.9,HD 51608,HIP 33229,
HD 114762,b,Radial Velocity,83.888,0.363,0.3359,11.68,,,,198.08226,17.517122,40.57,7.301,6210,1.22,1.08,HD 114762,HIP 64426,
HD 16141,b,Radial Velocity,75.523,0.363,0.252,0.26,,,,38.833035,-3.560602,35.91,6.818,5620,0.97,1.52,HD 16141,HIP 12048,
PSR 1257+12,c,Pulsar Timing,66.5419,0.36,0.0186,0.013,,53,,195.014903,12.682353,,,,,,,,
HD 163607,b,Radial Velocity,75.229,0.36,0.73,0.77,,,,268.418732,56.391956,69.44,7.979,5330,0.85,1.99,HD 163607,HIP 87601,
HIP 79431,b,Radial Velocity,111.7,0.36,0.29,2.1,,,,243.174057,-18.875504,14.9,,,,,,HIP 79431,
HD 20794,d,Radial Velocity,90.309,0.3499,0,0.0151,,,,49.981876,-43.069782,6.06,4.27,5530,,0.87,HD 20794,HIP 15510,
HD 20781,c,Radial Velocity,85.131,0.3456,0.28,0.0496,,,,50.01226,-28.783834,35.89,8.443,5230,0.82,0.87,HD 20781,HIP 15526,
Gliese 876,e,Radial Velocity,124.26,0.3343,0.055,0.046,,59,,343.319733,-14.2637,4.7,10.191,,0.33,,,HIP 113020,
HD 109246,b,Radial Velocity,68.27,0.33,0.12,0.77,,,,188.029953,74.489548,65.62,8.757,5670,0.99,1.11,HD 109246,HIP 61177,
HD 121504,b,Radial Velocity,63.33,0.33,0.03,1.22,,,,209.321823,-56.040043,44.37,7.517,5880,1.1,1.22,HD 121504,HIP 68162,
HD 178911 B,b,Radial Velocity,71.487,0.32,0.1243,6.292,,,,287.262939,34.59985,46.73,7.792,5400,0.88,1.4,HD 178911B,HIP 94075,
HD 192310,b,Radial Velocity,74.72,0.32,0.13,0.05318,,,,303.822449,-27.032976,8.82,5.73,5090,0.78,0.81,HD 192310,HIP 99825,
HD 101930,b,Radial Velocity,70.46,0.302,0.11,0.3,,,,175.875458,-58.006886,30.5,8.216,4990,0.75,0.95,HD 101930,HIP 57172,
HD 168443,b,Radial Velocity,58.11289,0.3,0.5286,8.02,,,,275.016388,-9.595722,37.88,6.917,5460,0.9,1.66,HD 168443,HIP 89844,
HD 219449,b,Radial Velocity,182,0.3,,2.9,,,,348.9729,-9.087737,45.52,4.25,4580,,12.32,HD 219449,HIP 114855,
HD 134606,c,Radial Velocity,59.519,0.2962,0.29,0.0382,,,,228.812683,-70.519623,26.91,6.854,5400,0.87,1.25,HD 134606,HIP 74653,
HD 3651,b,Radial Velocity,62.218,0.295,0.596,0.229,,,,9.840858,21.250473,11.11,5.86,5160,0.8,0.92,HD 3651,HIP 3093,
HD 74156,b,Radial Velocity,51.65,0.294,0.64,1.88,,,,130.604675,4.578097,64.56,7.614,5960,1.12,1.64,HD 74156,HIP 42723,
Kepler-46,c,Transit,57.011,0.2799,0.0146,0.376,,87.4,,289.26874,42.604172,855,,5155,0.9,0.94,,,
HD 10180,e,Radial Velocity,49.745,0.2699,0.026,0.07898,,,,24.473234,-60.511528,39.39,7.321,5790,1.06,1.23,HD 10180,HIP 7599,
HD 107148,b,Radial Velocity,48.056,0.269,0.05,0.21,,,,184.806213,-3.319789,51.26,8.015,5550,0.93,1.29,HD 107148,HIP 60081,
HD 31527,c,Radial Velocity,51.284,0.2665,0.11,0.0498,,,,73.909927,-23.24188,38.01,7.484,5930,1.12,1.04,HD 31527,HIP 22905,
HD 21693,c,Radial Velocity,53.881,0.2644,0.24,0.06472,,,,51.80201,-58.323681,32.31,7.94,5350,0.85,0.93,HD 21693,HIP 16085,
HD 104067,b,Radial Velocity,55.806,0.2643,,0.186,,,,179.791702,-20.353781,20.82,7.92,4880,0.73,0.79,HD 104067,HIP 58451,
HD 85512,b,Radial Velocity,58.43,0.26,0.11,0.01133,,,,147.779388,-43.502789,11.15,7.67,4310,0.66,0.76,HD 85512,HIP 48331,
HD 93385,c,Radial Velocity,46.025,0.257,0.24,0.0318,,,,161.562973,-41.464367,42.52,7.486,5890,1.11,1.18,HD 93385,HIP 52676,
HD 37605,b,Radial Velocity,55,0.25,0.677,2.3,,,,85.00721,6.060579,42.88,8.661,5130,0.79,1,HD 37605,HIP 26664,
HD 13808,c,Radial Velocity,53.832,0.2476,0.43,0.036,,,,33.178856,-53.743893,28.6,8.381,5160,0.8,0.74,HD 13808,HIP 10301,
55 Cnc,c,Radial Velocity,44.3446,0.24,0.086,0.169,,,,133.149216,28.330818,12.53,5.938,5196,0.9,0.94,HD 75732,HIP 43587,
HD 43691,b,Radial Velocity,36.96,0.24,0.14,2.49,,,,94.894485,41.092304,93.2,8.024,6010,1.15,1.92,HD 43691,HIP 30057,
HD 147018,b,Radial Velocity,44.236,0.2388,0.4686,2.12,,,,245.75061,-61.688763,42.68,8.301,5350,0.85,1.04,HD 147018,HIP 80250,
HD 224693,b,Radial Velocity,26.73,0.233,0.05,0.71,,,,359.974304,-22.428114,94.07,8.216,5700,1,2.02,HD 224693,HIP 118319,
HD 45652,b,Radial Velocity,43.6,0.23,0.38,0.47,,,,97.304962,10.933891,36.14,8.127,5190,0.81,1.04,HD 45652,HIP 30905,
HD 11964,c,Radial Velocity,37.91,0.229,0.3,0.0788,,,,29.290026,-10.242428,33.98,6.41,5230,0.82,2.11,HD 11964,HIP 9094,
Gl 581,d,Radial Velocity,66.64,0.22,0.25,0.019,,,,229.861771,-7.72228,6.27,10.56,,0.31,0.29,,HIP 74995,
rho CrB,b,Radial Velocity,39.845,0.22,0.04,1.04,,,,240.261093,33.303509,17.43,5.4,5890,1.11,1.26,HD 143761,HIP 78459,
61 Vir,c,Radial Velocity,38.021,0.2175,0.14,0.0573,,,,199.601318,-18.311195,8.52,4.74,5577,0.94,0.98,HD 115617,HIP 64924,
HD 204313,c,Radial Velocity,34.873,0.2103,0.17,0.054,,,,322.050873,-21.726255,47.3,8.02,5630,0.97,1.15,HD 204313,HIP 106006,
Gliese 876,b,Radial Velocity,61.1166,0.208317,0.0324,2.2756,,59,,343.319733,-14.2637,4.7,10.191,,0.33,,,HIP 113020,
HD 20794,c,Radial Velocity,40.114,0.2036,0,0.00755,,,,49.981876,-43.069782,6.06,4.27,5530,,0.87,HD 20794,HIP 15510,
HD 20003,c,Radial Velocity,33.823,0.1961,0.16,0.0422,,,,46.907997,-72.321892,43.08,8.367,5350,0.85,1.02,HD 20003,HIP 14530,
PSR 1257+12,b,Pulsar Timing,25.262,0.19,0,0.00007,,,,195.014903,12.682353,,,,,,,,
HD 9446,b,Radial Velocity,30.052,0.189,0.2,0.7,,,,23.334101,29.265148,52.85,8.369,5750,1.04,1.04,HD 9446,HIP 7245,
HD 69830,c,Radial Velocity,31.56,0.186,0.13,0.038,,,,124.599777,-12.632174,12.58,6,5390,0.87,0.87,HD 69830,HIP 40693,
HIP 57274,c,Radial Velocity,32.03,0.178,0.05,0.41,,,,176.170685,30.959293,25.87,8.984,4540,0.69,0.81,,HIP 57274,
HD 117618,b,Radial Velocity,25.827,0.176,0.42,0.178,,,,203.106476,-47.271362,38.02,7.169,5890,1.11,1.22,HD 117618,HIP 66047,
HD 39194,d,Radial Velocity,33.941,0.172,0.2,0.0162,,,,86.132996,-70.14357,25.59,8.075,5390,0.87,0.68,HD 39194,HIP 27080,
HD 20781,b,Radial Velocity,29.15,0.169,0.11,0.0379,,,,50.01226,-28.783834,35.89,8.443,5230,0.82,0.87,HD 20781,HIP 15526,
HD 33283,b,Radial Velocity,18.179,0.168,0.48,0.33,,,,77.004219,-26.797472,86.88,8.051,5810,1.06,1.92,HD 33283,HIP 23889,
HD 136352,c,Radial Velocity,27.582,0.1665,0.16,0.0358,,,,230.450623,-48.317627,14.56,5.65,5720,1.02,1.01,HD 136352,HIP 75181,
HIP 57050,b,Radial Velocity,41.397,0.163506,0.314,0.298,,,,175.435974,42.751972,11.03,11.92,3190,0.19,0.39,,HIP 57050,
HD 102117,b,Radial Velocity,20.8079,0.1532,0.106,0.172,,,,176.210251,-58.703709,42,7.448,5410,0.88,1.47,HD 102117,HIP 57291,
HD 192263,b,Radial Velocity,24.348,0.15,0,0.72,,,,303.499359,-0.866877,19.89,7.768,4930,0.74,0.79,HD 192263,HIP 99711,
HD 6434,b,Radial Velocity,22.09,0.15,0.3,0.48,,,,16.167295,-39.488216,40.32,7.73,5890,1.11,1,HD 6434,HIP 5054,
HD 21693,b,Radial Velocity,22.656,0.1484,0.26,0.0322,,,,51.80201,-58.323681,32.31,7.94,5350,0.85,0.93,HD 21693,HIP 16085,
HD 16417,b,Radial Velocity,17.24,0.14,0.2,0.0696,,,,39.244198,-34.577976,25.54,5.79,5680,1,1.69,HD 16417,HIP 12186,
HD 195019,b,Radial Velocity,18.20163,0.1388,0.014,3.7,,,,307.077637,18.769497,37.35,6.892,5670,0.99,1.5,HD 195019,HIP 100970,
HD 40307,d,Radial Velocity,20.46,0.134,0,0.0288,,,,88.51767,-60.023472,12.83,7.15,4920,0.74,0.68,HD 40307,HIP 27887,
HD 154088,b,Radial Velocity,18.596,0.1316,0.38,0.0193,,,,256.116028,-28.582678,18.08,6.58,5210,0.81,1.05,HD 154088,HIP 83541,
Gliese 876,c,Radial Velocity,30.0881,0.12959,0.25591,0.7142,,59,,343.319733,-14.2637,4.7,10.191,,0.33,,,HIP 113020,
HD 38529,b,Radial Velocity,14.309,0.129,0.29,0.78,,,,86.64547,1.168193,42.43,5.95,5330,,3.09,HD 38529,HIP 27253,
HD 10180,d,Radial Velocity,16.3579,0.1286,0.088,0.03697,,,,24.473234,-60.511528,39.39,7.321,5790,1.06,1.23,HD 10180,HIP 7599,
HD 190360,c,Radial Velocity,17.1,0.128,0.01,0.057,,,,300.905853,29.896805,15.89,5.7,5500,0.91,1.19,HD 190360,HIP 98767,
HD 31527,b,Radial Velocity,16.546,0.1253,0.13,0.0363,,,,73.909927,-23.24188,38.01,7.484,5930,1.12,1.04,HD 31527,HIP 22905,
GJ 667C,c,Radial Velocity,28.155,0.123,0.27,0.0143,,,,259.745087,-34.996826,,,3600,0.33,,,,
HD 27894,b,Radial Velocity,17.991,0.122,0.049,0.62,,,,65.19603,-59.410835,42.37,9.349,4760,0.71,0.9,HD 27894,HIP 20277,
HD 99492,b,Radial Velocity,17.054,0.12186,0.13,0.087,,,,171.692825,3.006328,17.99,6.14,5280,0.83,1.23,HD 99492,HIP 55848,
HD 20794,b,Radial Velocity,18.315,0.1207,0,0.0085,,,,49.981876,-43.069782,6.06,4.27,5530,,0.87,HD 20794,HIP 15510,
HD 4308,b,Radial Velocity,15.609,0.118,0.27,0.0405,,,,11.163615,-65.649521,21.85,6.56,5720,1.02,1,HD 4308,HIP 3497,
HIP 13044,b,Radial Velocity,16.2,0.116,0.25,1.25,,,,41.90601,-36.107513,223.21,9.982,6530,,1.55,,HIP 13044,
55 Cnc,b,Radial Velocity,14.65162,0.115,0.014,0.824,,,,133.149216,28.330818,12.53,5.938,5196,0.9,0.94,HD 75732,HIP 43587,
Gl 86,b,Radial Velocity,15.76491,0.113,0.0416,3.91,,,,32.608059,-50.823723,10.91,6.12,5151,0.77,,HD 13445,HIP 10138,
HD 1461,c,Radial Velocity,13.505,0.1117,0,0.0186,,,,4.674448,-8.053001,23.44,6.46,5620,0.97,1.17,HD 1461,HIP 1499,
HD 93385,b,Radial Velocity,13.186,0.1116,0.15,0.0263,,,,161.562973,-41.464367,42.52,7.486,5890,1.11,1.18,HD 93385,HIP 52676,
HD 179079,b,Radial Velocity,14.476,0.11,0.115,0.08,,,,287.790955,-2.638385,63.69,7.959,5540,0.93,1.66,HD 179079,HIP 94256,
HD 189567,b,Radial Velocity,14.275,0.1099,0.23,0.0316,,,,301.386505,-67.3209,17.72,6.07,5750,1.04,1,HD 189567,HIP 98959,
HD 51608,b,Radial Velocity,14.07,0.1059,0.15,0.0413,,,,103.713921,-55.259327,34.07,8.155,5330,0.85,0.9,HD 51608,HIP 33229,
HD 134606,b,Radial Velocity,12.083,0.1023,0.15,0.0292,,,,228.812683,-70.519623,26.91,6.854,5400,0.87,1.25,HD 134606,HIP 74653,
HD 108147,b,Radial Velocity,10.8985,0.102,0.53,0.261,,,,186.44278,-64.022087,38.56,6.995,6130,1.19,1.22,HD 108147,HIP 60644,
HD 13808,b,Radial Velocity,14.182,0.1017,0.17,0.0325,,,,33.178856,-53.743893,28.6,8.381,5160,0.8,0.74,HD 13808,HIP 10301,
HD 20003,b,Radial Velocity,11.849,0.0974,0.4,0.0378,,,,46.907997,-72.321892,43.08,8.367,5350,0.85,1.02,HD 20003,HIP 14530,
HD 39194,c,Radial Velocity,14.025,0.0954,0.11,0.0187,,,,86.132996,-70.14357,25.59,8.075,5390,0.87,0.68,HD 39194,HIP 27080,
HD 136352,b,Radial Velocity,11.577,0.0933,0.18,0.0166,,,,230.450623,-48.317627,14.56,5.65,5720,1.02,1.01,HD 136352,HIP 75181,
HD 160691,d,Radial Velocity,9.6386,0.09094,0.172,0.03321,,,,266.036255,-51.834053,15.28,5.15,5560,0.94,1.44,HD 160691,HIP 86796,
HD 130322,b,Radial Velocity,10.7085,0.0896,0.011,1.04,,,,221.886368,-0.281476,29.76,8.031,5290,0.84,0.85,HD 130322,HIP 72339,
HD 215152,c,Radial Velocity,10.866,0.0852,0.38,0.0097,,,,340.838745,-6.400821,21.52,8.13,4860,0.73,0.75,HD 215152,HIP 112190,
HD 97658,b,Radial Velocity,9.494,0.0831,,0.026,,,,168.638184,25.710384,21.3,7.762,5180,0.8,0.73,HD 97658,HIP 54906,
HD 102956,b,Radial Velocity,6.495,0.081,0.048,0.96,,,,177.843796,57.640736,121.07,7.851,4900,,4.7,HD 102956,HIP 57820,
HD 40307,c,Radial Velocity,9.62,0.081,0,0.0216,,,,88.51767,-60.023472,12.83,7.15,4920,0.74,0.68,HD 40307,HIP 27887,
HD 125595,b,Radial Velocity,9.6737,0.0809,,0.0413,,,,215.346603,-40.393948,27.45,9,4640,0.69,0.75,HD 125595,HIP 70170,
HD 181433,b,Radial Velocity,9.3743,0.08,0.396,0.0238,,,,291.289856,-66.468796,26.15,8.4,4770,0.71,0.86,HD 181433,HIP 95467,
HD 69830,b,Radial Velocity,8.667,0.0785,0.1,0.033,,,,124.599777,-12.632174,12.58,6,5390,0.87,0.87,HD 69830,HIP 40693,
HD 96700,b,Radial Velocity,8.1256,0.0774,0.1,0.0284,,,,166.976776,-30.174566,26.21,6.54,5890,1.11,1.12,HD 96700,HIP 54400,
HD 185269,b,Radial Velocity,6.838,0.077,0.3,0.94,,,,294.29892,28.499865,47.37,6.669,5900,1.11,1.91,HD 185269,HIP 96507,
HD 162020,b,Radial Velocity,8.428198,0.074,0.277,14.4,,,,267.659821,-40.318348,31.26,9.118,4870,0.73,0.69,HD 162020,HIP 87330,
Gl 581,c,Radial Velocity,12.9182,0.073,0.07,0.017,,,,229.861771,-7.72228,6.27,10.56,,0.31,0.29,,HIP 74995,
HD 217107,b,Radial Velocity,7.12689,0.073,0.132,1.33,,,,344.564758,-2.395385,19.72,6.16,5440,0.89,1.23,HD 217107,HIP 113421,
HD 68988,b,Radial Velocity,6.276,0.071,0.14,1.9,,,,124.592384,61.460724,58.82,8.188,5720,1.02,1.27,HD 68988,HIP 40687,
HD 118203,b,Radial Velocity,6.1335,0.07,0.309,2.13,,,,203.510574,53.728531,88.57,8.057,5590,0.95,2.15,HD 118203,HIP 66192,
HIP 11952,c,Radial Velocity,6.95,0.07,0.35,0.78,,,,38.546028,-12.384295,115.34,9.854,7090,1.52,0.71,HD 16031,HIP 11952,
HIP 57274,b,Radial Velocity,8.1352,0.07,0.187,0.036,,,,176.170685,30.959293,25.87,8.984,4540,0.69,0.81,,HIP 57274,
HIP 14810,b,Radial Velocity,6.673855,0.0692,0.1427,3.88,,,,47.809292,21.097359,52.88,8.5,5390,0.87,1.15,,HIP 14810,
HD 285968,b,Radial Velocity,8.7836,0.066,0,0.0265,,,,70.732407,18.958172,9.42,9.98,3500,0.44,0.51,HD 285968,HIP 21932,
HD 215152,b,Radial Velocity,7.2825,0.0652,0.34,0.0087,,,,340.838745,-6.400821,21.52,8.13,4860,0.73,0.75,HD 215152,HIP 112190,
HD 168746,b,Radial Velocity,6.403,0.065,0.081,0.23,,,,275.457428,-11.922684,43.12,7.946,5500,0.91,1.15,HD 168746,HIP 90004,
HD 10180,c,Radial Velocity,5.75979,0.0641,0.045,0.04122,,,,24.473234,-60.511528,39.39,7.321,5790,1.06,1.23,HD 10180,HIP 7599,
HD 45184,b,Radial Velocity,5.8872,0.0638,0.3,0.04,,,,96.182831,-28.780113,22.04,6.39,5820,1.07,1.04,HD 45184,HIP 30503,
HD 109749,b,Radial Velocity,5.24,0.0635,0.01,0.28,,,,189.318237,-40.812115,59.03,8.208,5690,1,1.28,HD 109749,HIP 61595A,
HD 1461,b,Radial Velocity,5.7727,0.063438,0.14,0.024,,,,4.674448,-8.053001,23.44,6.46,5620,0.97,1.17,HD 1461,HIP 1499,
HD 77338,b,Radial Velocity,5.7361,0.0614,0.09,0.05,,,,135.302063,-25.527061,41.27,8.591,5370,0.93,0.88,HD 77338,HIP 44291,
ups And,b,Radial Velocity,4.617033,0.059222,0.0215,0.6876,,,,24.199345,41.40546,13.47,4.1,6120,1.19,1.62,HD 9826,HIP 7513,
GJ 433,b,Radial Velocity,7.3709,0.058,0.08,0.018,,,,173.862289,-32.53997,9.04,9.806,3600,0.48,,,HIP 56528,
HD 49674,b,Radial Velocity,4.9437,0.058,0.23,0.115,,,,102.877151,40.867756,40.73,8.097,5470,0.9,1.03,HD 49674,HIP 32916,
HD 7924,b,Radial Velocity,5.3978,0.057,0.17,0.029,,,,20.496313,76.710281,16.82,7.167,5160,0.8,0.77,HD 7924,HIP 6379,
BD-082823,b,Radial Velocity,5.6,0.056,0.15,0.045,,,,150.198837,-9.51668,42.09,9.88,4746,0.74,,,HIP 49067,
HD 149143,b,Radial Velocity,4.072,0.053,0.016,1.33,,,,248.212708,2.084832,63.49,7.893,5660,0.99,1.61,HD 149143,HIP 81022,
51 Peg,b,Radial Velocity,4.230785,0.0527,0.013,0.472,,,,344.366577,20.768833,15.36,5.5,5787,1.09,1.2,HD 217014,HIP 113357,
HD 219828,b,Radial Velocity,3.8335,0.052,0,0.066,,,,349.694733,18.64572,81.1,8.008,5660,0.99,1.95,HD 219828,HIP 115100,
HD 39194,b,Radial Velocity,5.6363,0.0519,0.2,0.0117,,,,86.132996,-70.14357,25.59,8.075,5390,0.87,0.68,HD 39194,HIP 27080,
61 Vir,b,Radial Velocity,4.215,0.050201,0.12,0.016,,,,199.601318,-18.311195,8.52,4.74,5577,0.94,0.98,HD 115617,HIP 64924,
HD 125612,c,Radial Velocity,4.1547,0.05,0.27,0.058,,,,215.222977,-17.481522,52.83,8.317,5840,1.09,1.02,HD 125612,HIP 70123,
HD 156668,b,Radial Velocity,4.6455,0.05,0,0.013,,,,259.418701,29.227226,24.05,8.424,4840,0.72,0.74,HD 156668,HIP 84607,
HD 47186,b,Radial Velocity,4.0845,0.05,0.038,0.07167,,,,99.036613,-27.622297,37.84,7.626,5460,0.9,1.19,HD 47186,HIP 31540,
GJ 667C,b,Radial Velocity,7.20066,0.049,0.172,0.01789,,,,259.745087,-34.996826,,,3600,0.33,,,,
HD 76700,b,Radial Velocity,3.971,0.049,0.13,0.197,,,,133.481308,-66.800995,59.7,8.155,5490,0.91,1.45,HD 76700,HIP 43686,
HD 40307,b,Radial Velocity,4.3115,0.047,0,0.0132,,,,88.51767,-60.023472,12.83,7.15,4920,0.74,0.68,HD 40307,HIP 27887,
HD 88133,b,Radial Velocity,3.416,0.047,0.133,0.22,,,,152.531982,18.186871,74.46,8.001,5190,0.81,2.27,HD 88133,HIP 49813,
CoRoT-7,c,Radial Velocity,3.698,0.046,0,0.026,,,,100.956125,-1.063033,150,,5275,0.93,0.87,,,
HD 75289,b,Radial Velocity,3.51,0.046,0.054,0.42,,,,131.918289,-41.736794,28.94,6.37,5960,1.13,1.3,HD 75289,HIP 43177,
tau Boo,b,Radial Velocity,3.3135,0.046,0.018,3.9,,,,206.815598,17.456905,15.6,4.5,6370,1.27,1.43,HD 120136,HIP 67275,
BD-10 3166,b,Radial Velocity,3.48777,0.0452,0.019,0.458,,,,164.619936,-10.770373,,10.08,5180,0.81,,,,
HD 179949,b,Radial Velocity,3.0925,0.045,0.022,0.95,,,,288.888458,-24.179352,27.05,6.245,6120,1.19,1.21,HD 179949,HIP 94645,
HD 134060,b,Radial Velocity,3.27,0.0444,0.4,0.0351,,,,227.686432,-61.422321,24.15,6.3,5780,1.05,1.21,HD 134060,HIP 74273,
HD 2638,b,Radial Velocity,3.4442,0.044,0,0.48,,,,7.499466,-5.764002,53.71,9.375,4930,0.74,1.01,HD 2638,HIP 2350,
HD 330075,b,Radial Velocity,3.369,0.043,0,0.76,,,,237.407043,-49.963524,50.2,9.334,5050,0.77,0.9,HD 330075,HIP 77517,
HD 187123,b,Radial Velocity,3.097,0.042,0.03,0.52,,,,296.742126,34.419525,47.92,7.832,5700,1,1.23,HD 187123,HIP 97336,
Gl 581,b,Radial Velocity,5.36865,0.041,0.031,0.05,,,,229.861771,-7.72228,6.27,10.56,,0.31,0.29,,HIP 74995,
HD 46375,b,Radial Velocity,3.024,0.041,0.04,0.249,,,,98.302597,5.462925,33.41,7.912,5080,0.78,1.13,HD 46375,HIP 31246,
HD 83443,b,Radial Velocity,2.985625,0.0406,0.008,0.4,,,,144.299286,-43.272205,43.53,8.222,5200,0.81,1.19,HD 83443,HIP 47202,
GJ 674,b,Radial Velocity,4.6938,0.039,0.2,0.035,,,,262.166443,-46.895191,4.54,9.37,3600,0.35,,,HIP 85523,
HD 86081,b,Radial Velocity,2.1375,0.039,0.008,1.5,,,,149.024658,-3.808422,91.16,8.701,5750,1.04,1.53,HD 86081,HIP 48711,
HD 73256,b,Radial Velocity,2.54858,0.037,0.03,1.87,,,,129.095901,-30.037626,36.52,8.059,5330,0.85,1.01,HD 73256,HIP 42214,
HD 212301,b,Radial Velocity,2.445715,0.036,0,0.45,,,,336.878845,-77.717926,52.72,7.764,6080,1.18,1.19,HD 212301,HIP 110852,
HD 63454,b,Radial Velocity,2.817822,0.036,0,0.38,,,,114.841049,-78.278969,35.8,9.362,4730,0.7,0.78,HD 63454,HIP 37284,
GJ 3634,b,Radial Velocity,2.64561,0.0287,0.08,0.022,,59,,164.646255,-31.143988,,,,0.45,0.43,,,
Gl 581,e,Radial Velocity,3.14945,0.028,0.32,0.006,,,,229.861771,-7.72228,6.27,10.56,,0.31,0.29,,HIP 74995,
Gliese 876,d,Radial Velocity,1.93778,0.020807,0.207,0.021,,59,,343.319733,-14.2637,4.7,10.191,,0.33,,,HIP 113020,
HD 41004 B,b,Radial Velocity,1.3283,0.0177,0.081,18.37,,,,89.956886,-48.239841,43.03,,,,,HD 41004B,HIP 28393B,
